SlNo,Station,Agency,State LGD Code,State,District LGD Code,District,Tehsil,Block,Village,River,Basin,Tributary,Subtributary,SubSubtributary,Local River,Latitude,Longitude,Is_DischargeDataAvailable,RL_of_zeroGauge,MeanSeaLevel,Data Acquisition Time,River Water Level Telemetry Hourly (meter)
1,NH15 Crossing Fakirpara Tangni,Assam,18,Assam,283,DARRANG,-,-,-,-,-,-,-,-,-,26.50833333,92.11638889,No,0,0,07-05-2026 20:00,60.937
2,NH15 Crossing Fakirpara Tangni,Assam,18,Assam,283,DARRANG,-,-,-,-,-,-,-,-,-,26.50833333,92.11638889,No,0,0,07-05-2026 21:00,60.941
3,NH15 Crossing Fakirpara Tangni,Assam,18,Assam,283,DARRANG,-,-,-,-,-,-,-,-,-,26.50833333,92.11638889,No,0,0,07-05-2026 22:00,60.94
4,NH15 Crossing Fakirpara Tangni,Assam,18,Assam,283,DARRANG,-,-,-,-,-,-,-,-,-,26.50833333,92.11638889,No,0,0,07-05-2026 23:00,60.94
5,NH15 Crossing Fakirpara Tangni,Assam,18,Assam,283,DARRANG,-,-,-,-,-,-,-,-,-,26.50833333,92.11638889,No,0,0,08-05-2026 00:00,60.938
6,NH15 Crossing Fakirpara Tangni,Assam,18,Assam,283,DARRANG,-,-,-,-,-,-,-,-,-,26.50833333,92.11638889,No,0,0,08-05-2026 01:00,60.936
7,NH15 Crossing Fakirpara Tangni,Assam,18,Assam,283,DARRANG,-,-,-,-,-,-,-,-,-,26.50833333,92.11638889,No,0,0,08-05-2026 02:00,60.934
8,NH15 Crossing Fakirpara Tangni,Assam,18,Assam,283,DARRANG,-,-,-,-,-,-,-,-,-,26.50833333,92.11638889,No,0,0,08-05-2026 03:00,60.932
9,NH15 Crossing Fakirpara Tangni,Assam,18,Assam,283,DARRANG,-,-,-,-,-,-,-,-,-,26.50833333,92.11638889,No,0,0,08-05-2026 04:00,60.928
10,NH15 Crossing Fakirpara Tangni,Assam,18,Assam,283,DARRANG,-,-,-,-,-,-,-,-,-,26.50833333,92.11638889,No,0,0,08-05-2026 05:00,60.925
11,NH15 Crossing Fakirpara Tangni,Assam,18,Assam,283,DARRANG,-,-,-,-,-,-,-,-,-,26.50833333,92.11638889,No,0,0,08-05-2026 06:00,60.926
12,NH15 Crossing Fakirpara Tangni,Assam,18,Assam,283,DARRANG,-,-,-,-,-,-,-,-,-,26.50833333,92.11638889,No,0,0,08-05-2026 07:00,60.933
13,NH15 Crossing Fakirpara Tangni,Assam,18,Assam,283,DARRANG,-,-,-,-,-,-,-,-,-,26.50833333,92.11638889,No,0,0,08-05-2026 08:00,60.938
14,NH15 Crossing Fakirpara Tangni,Assam,18,Assam,283,DARRANG,-,-,-,-,-,-,-,-,-,26.50833333,92.11638889,No,0,0,08-05-2026 09:00,60.946
15,NH15 Crossing Fakirpara Tangni,Assam,18,Assam,283,DARRANG,-,-,-,-,-,-,-,-,-,26.50833333,92.11638889,No,0,0,08-05-2026 10:00,60.948
16,NH15 Crossing Fakirpara Tangni,Assam,18,Assam,283,DARRANG,-,-,-,-,-,-,-,-,-,26.50833333,92.11638889,No,0,0,08-05-2026 11:00,60.949
17,NH15 Crossing Fakirpara Tangni,Assam,18,Assam,283,DARRANG,-,-,-,-,-,-,-,-,-,26.50833333,92.11638889,No,0,0,08-05-2026 12:00,60.945
18,NH15 Crossing Fakirpara Tangni,Assam,18,Assam,283,DARRANG,-,-,-,-,-,-,-,-,-,26.50833333,92.11638889,No,0,0,08-05-2026 13:00,60.942
19,NH15 Crossing Fakirpara Tangni,Assam,18,Assam,283,DARRANG,-,-,-,-,-,-,-,-,-,26.50833333,92.11638889,No,0,0,08-05-2026 14:00,60.939
20,NH15 Crossing Fakirpara Tangni,Assam,18,Assam,283,DARRANG,-,-,-,-,-,-,-,-,-,26.50833333,92.11638889,No,0,0,08-05-2026 15:00,60.939
21,NH15 Crossing Fakirpara Tangni,Assam,18,Assam,283,DARRANG,-,-,-,-,-,-,-,-,-,26.50833333,92.11638889,No,0,0,08-05-2026 16:00,60.928
22,NH15 Crossing Fakirpara Tangni,Assam,18,Assam,283,DARRANG,-,-,-,-,-,-,-,-,-,26.50833333,92.11638889,No,0,0,08-05-2026 17:00,60.925
23,NH15 Crossing Fakirpara Tangni,Assam,18,Assam,283,DARRANG,-,-,-,-,-,-,-,-,-,26.50833333,92.11638889,No,0,0,08-05-2026 18:00,60.923
24,NH15 Crossing Fakirpara Tangni,Assam,18,Assam,283,DARRANG,-,-,-,-,-,-,-,-,-,26.50833333,92.11638889,No,0,0,08-05-2026 19:00,60.921
25,NH15 Crossing Fakirpara Tangni,Assam,18,Assam,283,DARRANG,-,-,-,-,-,-,-,-,-,26.50833333,92.11638889,No,0,0,08-05-2026 20:00,60.916
26,NH15 Crossing Fakirpara Tangni,Assam,18,Assam,283,DARRANG,-,-,-,-,-,-,-,-,-,26.50833333,92.11638889,No,0,0,08-05-2026 21:00,60.911
27,NH15 Crossing Fakirpara Tangni,Assam,18,Assam,283,DARRANG,-,-,-,-,-,-,-,-,-,26.50833333,92.11638889,No,0,0,08-05-2026 22:00,60.91
28,NH15 Crossing Fakirpara Tangni,Assam,18,Assam,283,DARRANG,-,-,-,-,-,-,-,-,-,26.50833333,92.11638889,No,0,0,08-05-2026 23:00,60.908
29,NH15 Crossing Fakirpara Tangni,Assam,18,Assam,283,DARRANG,-,-,-,-,-,-,-,-,-,26.50833333,92.11638889,No,0,0,09-05-2026 00:00,60.908
30,NH15 Crossing Fakirpara Tangni,Assam,18,Assam,283,DARRANG,-,-,-,-,-,-,-,-,-,26.50833333,92.11638889,No,0,0,09-05-2026 01:00,60.907
31,NH15 Crossing Fakirpara Tangni,Assam,18,Assam,283,DARRANG,-,-,-,-,-,-,-,-,-,26.50833333,92.11638889,No,0,0,09-05-2026 02:00,60.906
32,NH15 Crossing Fakirpara Tangni,Assam,18,Assam,283,DARRANG,-,-,-,-,-,-,-,-,-,26.50833333,92.11638889,No,0,0,09-05-2026 03:00,60.905
33,NH15 Crossing Fakirpara Tangni,Assam,18,Assam,283,DARRANG,-,-,-,-,-,-,-,-,-,26.50833333,92.11638889,No,0,0,09-05-2026 04:00,60.904
34,NH15 Crossing Fakirpara Tangni,Assam,18,Assam,283,DARRANG,-,-,-,-,-,-,-,-,-,26.50833333,92.11638889,No,0,0,09-05-2026 05:00,60.903
35,NH15 Crossing Fakirpara Tangni,Assam,18,Assam,283,DARRANG,-,-,-,-,-,-,-,-,-,26.50833333,92.11638889,No,0,0,09-05-2026 06:00,60.907
36,NH15 Crossing Fakirpara Tangni,Assam,18,Assam,283,DARRANG,-,-,-,-,-,-,-,-,-,26.50833333,92.11638889,No,0,0,09-05-2026 07:00,60.913
37,NH15 Crossing Fakirpara Tangni,Assam,18,Assam,283,DARRANG,-,-,-,-,-,-,-,-,-,26.50833333,92.11638889,No,0,0,09-05-2026 08:00,60.919
38,NH15 Crossing Fakirpara Tangni,Assam,18,Assam,283,DARRANG,-,-,-,-,-,-,-,-,-,26.50833333,92.11638889,No,0,0,09-05-2026 09:00,60.924
39,NH15 Crossing Fakirpara Tangni,Assam,18,Assam,283,DARRANG,-,-,-,-,-,-,-,-,-,26.50833333,92.11638889,No,0,0,09-05-2026 10:00,60.927
40,NH15 Crossing Fakirpara Tangni,Assam,18,Assam,283,DARRANG,-,-,-,-,-,-,-,-,-,26.50833333,92.11638889,No,0,0,09-05-2026 11:00,60.933
41,NH15 Crossing Fakirpara Tangni,Assam,18,Assam,283,DARRANG,-,-,-,-,-,-,-,-,-,26.50833333,92.11638889,No,0,0,09-05-2026 12:00,60.927
42,NH15 Crossing Fakirpara Tangni,Assam,18,Assam,283,DARRANG,-,-,-,-,-,-,-,-,-,26.50833333,92.11638889,No,0,0,09-05-2026 13:00,60.929
43,NH15 Crossing Fakirpara Tangni,Assam,18,Assam,283,DARRANG,-,-,-,-,-,-,-,-,-,26.50833333,92.11638889,No,0,0,09-05-2026 14:00,60.928
44,NH15 Crossing Fakirpara Tangni,Assam,18,Assam,283,DARRANG,-,-,-,-,-,-,-,-,-,26.50833333,92.11638889,No,0,0,09-05-2026 15:00,60.941
45,NH15 Crossing Fakirpara Tangni,Assam,18,Assam,283,DARRANG,-,-,-,-,-,-,-,-,-,26.50833333,92.11638889,No,0,0,09-05-2026 16:00,60.934
46,NH15 Crossing Fakirpara Tangni,Assam,18,Assam,283,DARRANG,-,-,-,-,-,-,-,-,-,26.50833333,92.11638889,No,0,0,09-05-2026 17:00,60.934
47,NH15 Crossing Fakirpara Tangni,Assam,18,Assam,283,DARRANG,-,-,-,-,-,-,-,-,-,26.50833333,92.11638889,No,0,0,09-05-2026 18:00,60.928
48,NH15 Crossing Fakirpara Tangni,Assam,18,Assam,283,DARRANG,-,-,-,-,-,-,-,-,-,26.50833333,92.11638889,No,0,0,09-05-2026 19:00,60.921
49,NH15 Crossing Fakirpara Tangni,Assam,18,Assam,283,DARRANG,-,-,-,-,-,-,-,-,-,26.50833333,92.11638889,No,0,0,09-05-2026 20:00,60.921
50,NH15 Crossing Fakirpara Tangni,Assam,18,Assam,283,DARRANG,-,-,-,-,-,-,-,-,-,26.50833333,92.11638889,No,0,0,09-05-2026 21:00,60.918
51,NH15 Crossing Fakirpara Tangni,Assam,18,Assam,283,DARRANG,-,-,-,-,-,-,-,-,-,26.50833333,92.11638889,No,0,0,09-05-2026 22:00,60.916
52,NH15 Crossing Fakirpara Tangni,Assam,18,Assam,283,DARRANG,-,-,-,-,-,-,-,-,-,26.50833333,92.11638889,No,0,0,09-05-2026 23:00,60.913
53,NH15 Crossing Fakirpara Tangni,Assam,18,Assam,283,DARRANG,-,-,-,-,-,-,-,-,-,26.50833333,92.11638889,No,0,0,10-05-2026 00:00,60.912
54,NH15 Crossing Fakirpara Tangni,Assam,18,Assam,283,DARRANG,-,-,-,-,-,-,-,-,-,26.50833333,92.11638889,No,0,0,10-05-2026 01:00,60.912
55,NH15 Crossing Fakirpara Tangni,Assam,18,Assam,283,DARRANG,-,-,-,-,-,-,-,-,-,26.50833333,92.11638889,No,0,0,10-05-2026 02:00,60.91
56,NH15 Crossing Fakirpara Tangni,Assam,18,Assam,283,DARRANG,-,-,-,-,-,-,-,-,-,26.50833333,92.11638889,No,0,0,10-05-2026 03:00,60.91
57,NH15 Crossing Fakirpara Tangni,Assam,18,Assam,283,DARRANG,-,-,-,-,-,-,-,-,-,26.50833333,92.11638889,No,0,0,10-05-2026 04:00,60.91
58,NH15 Crossing Fakirpara Tangni,Assam,18,Assam,283,DARRANG,-,-,-,-,-,-,-,-,-,26.50833333,92.11638889,No,0,0,10-05-2026 05:00,60.909
59,NH15 Crossing Fakirpara Tangni,Assam,18,Assam,283,DARRANG,-,-,-,-,-,-,-,-,-,26.50833333,92.11638889,No,0,0,10-05-2026 06:00,60.913
60,NH15 Crossing Fakirpara Tangni,Assam,18,Assam,283,DARRANG,-,-,-,-,-,-,-,-,-,26.50833333,92.11638889,No,0,0,10-05-2026 07:00,60.92
61,NH15 Crossing Fakirpara Tangni,Assam,18,Assam,283,DARRANG,-,-,-,-,-,-,-,-,-,26.50833333,92.11638889,No,0,0,10-05-2026 08:00,60.928
62,NH15 Crossing Fakirpara Tangni,Assam,18,Assam,283,DARRANG,-,-,-,-,-,-,-,-,-,26.50833333,92.11638889,No,0,0,10-05-2026 09:00,60.934
63,NH15 Crossing Fakirpara Tangni,Assam,18,Assam,283,DARRANG,-,-,-,-,-,-,-,-,-,26.50833333,92.11638889,No,0,0,10-05-2026 10:00,60.934
64,NH15 Crossing Fakirpara Tangni,Assam,18,Assam,283,DARRANG,-,-,-,-,-,-,-,-,-,26.50833333,92.11638889,No,0,0,10-05-2026 11:00,60.937
65,NH15 Crossing Fakirpara Tangni,Assam,18,Assam,283,DARRANG,-,-,-,-,-,-,-,-,-,26.50833333,92.11638889,No,0,0,10-05-2026 12:00,60.929
66,NH15 Crossing Fakirpara Tangni,Assam,18,Assam,283,DARRANG,-,-,-,-,-,-,-,-,-,26.50833333,92.11638889,No,0,0,10-05-2026 13:00,60.935
67,NH15 Crossing Fakirpara Tangni,Assam,18,Assam,283,DARRANG,-,-,-,-,-,-,-,-,-,26.50833333,92.11638889,No,0,0,10-05-2026 14:00,60.932
68,NH15 Crossing Fakirpara Tangni,Assam,18,Assam,283,DARRANG,-,-,-,-,-,-,-,-,-,26.50833333,92.11638889,No,0,0,10-05-2026 15:00,60.927
69,NH15 Crossing Fakirpara Tangni,Assam,18,Assam,283,DARRANG,-,-,-,-,-,-,-,-,-,26.50833333,92.11638889,No,0,0,10-05-2026 16:00,60.9
70,NH15 Crossing Fakirpara Tangni,Assam,18,Assam,283,DARRANG,-,-,-,-,-,-,-,-,-,26.50833333,92.11638889,No,0,0,10-05-2026 17:00,60.913
71,NH15 Crossing Fakirpara Tangni,Assam,18,Assam,283,DARRANG,-,-,-,-,-,-,-,-,-,26.50833333,92.11638889,No,0,0,10-05-2026 18:00,60.907
72,NH15 Crossing Fakirpara Tangni,Assam,18,Assam,283,DARRANG,-,-,-,-,-,-,-,-,-,26.50833333,92.11638889,No,0,0,10-05-2026 19:00,60.907
73,NH15 Crossing Fakirpara Tangni,Assam,18,Assam,283,DARRANG,-,-,-,-,-,-,-,-,-,26.50833333,92.11638889,No,0,0,10-05-2026 20:00,60.905
74,NH15 Crossing Fakirpara Tangni,Assam,18,Assam,283,DARRANG,-,-,-,-,-,-,-,-,-,26.50833333,92.11638889,No,0,0,10-05-2026 21:00,60.903
75,NH15 Crossing Fakirpara Tangni,Assam,18,Assam,283,DARRANG,-,-,-,-,-,-,-,-,-,26.50833333,92.11638889,No,0,0,10-05-2026 22:00,60.9
76,NH15 Crossing Fakirpara Tangni,Assam,18,Assam,283,DARRANG,-,-,-,-,-,-,-,-,-,26.50833333,92.11638889,No,0,0,10-05-2026 23:00,60.9
77,NH15 Crossing Fakirpara Tangni,Assam,18,Assam,283,DARRANG,-,-,-,-,-,-,-,-,-,26.50833333,92.11638889,No,0,0,11-05-2026 00:00,60.897
78,NH15 Crossing Fakirpara Tangni,Assam,18,Assam,283,DARRANG,-,-,-,-,-,-,-,-,-,26.50833333,92.11638889,No,0,0,11-05-2026 01:00,60.896
79,NH15 Crossing Fakirpara Tangni,Assam,18,Assam,283,DARRANG,-,-,-,-,-,-,-,-,-,26.50833333,92.11638889,No,0,0,11-05-2026 02:00,60.895
80,NH15 Crossing Fakirpara Tangni,Assam,18,Assam,283,DARRANG,-,-,-,-,-,-,-,-,-,26.50833333,92.11638889,No,0,0,11-05-2026 03:00,60.894
81,NH15 Crossing Fakirpara Tangni,Assam,18,Assam,283,DARRANG,-,-,-,-,-,-,-,-,-,26.50833333,92.11638889,No,0,0,11-05-2026 04:00,60.893
82,NH15 Crossing Fakirpara Tangni,Assam,18,Assam,283,DARRANG,-,-,-,-,-,-,-,-,-,26.50833333,92.11638889,No,0,0,11-05-2026 05:00,60.892
83,NH15 Crossing Fakirpara Tangni,Assam,18,Assam,283,DARRANG,-,-,-,-,-,-,-,-,-,26.50833333,92.11638889,No,0,0,11-05-2026 06:00,60.894
84,NH15 Crossing Fakirpara Tangni,Assam,18,Assam,283,DARRANG,-,-,-,-,-,-,-,-,-,26.50833333,92.11638889,No,0,0,11-05-2026 07:00,60.892
85,NH15 Crossing Fakirpara Tangni,Assam,18,Assam,283,DARRANG,-,-,-,-,-,-,-,-,-,26.50833333,92.11638889,No,0,0,11-05-2026 08:00,60.906
86,NH15 Crossing Fakirpara Tangni,Assam,18,Assam,283,DARRANG,-,-,-,-,-,-,-,-,-,26.50833333,92.11638889,No,0,0,11-05-2026 09:00,60.9
87,NH15 Crossing Fakirpara Tangni,Assam,18,Assam,283,DARRANG,-,-,-,-,-,-,-,-,-,26.50833333,92.11638889,No,0,0,11-05-2026 10:00,60.917
88,NH15 Crossing Fakirpara Tangni,Assam,18,Assam,283,DARRANG,-,-,-,-,-,-,-,-,-,26.50833333,92.11638889,No,0,0,11-05-2026 11:00,60.913
89,NH15 Crossing Fakirpara Tangni,Assam,18,Assam,283,DARRANG,-,-,-,-,-,-,-,-,-,26.50833333,92.11638889,No,0,0,11-05-2026 12:00,60.926
90,NH15 Crossing Fakirpara Tangni,Assam,18,Assam,283,DARRANG,-,-,-,-,-,-,-,-,-,26.50833333,92.11638889,No,0,0,11-05-2026 13:00,60.937
91,NH15 Crossing Fakirpara Tangni,Assam,18,Assam,283,DARRANG,-,-,-,-,-,-,-,-,-,26.50833333,92.11638889,No,0,0,11-05-2026 14:00,60.93
92,NH15 Crossing Fakirpara Tangni,Assam,18,Assam,283,DARRANG,-,-,-,-,-,-,-,-,-,26.50833333,92.11638889,No,0,0,11-05-2026 15:00,60.924
93,NH15 Crossing Fakirpara Tangni,Assam,18,Assam,283,DARRANG,-,-,-,-,-,-,-,-,-,26.50833333,92.11638889,No,0,0,11-05-2026 16:00,60.916
94,NH15 Crossing Fakirpara Tangni,Assam,18,Assam,283,DARRANG,-,-,-,-,-,-,-,-,-,26.50833333,92.11638889,No,0,0,11-05-2026 17:00,60.909
95,NH15 Crossing Fakirpara Tangni,Assam,18,Assam,283,DARRANG,-,-,-,-,-,-,-,-,-,26.50833333,92.11638889,No,0,0,11-05-2026 18:00,60.902
96,NH15 Crossing Fakirpara Tangni,Assam,18,Assam,283,DARRANG,-,-,-,-,-,-,-,-,-,26.50833333,92.11638889,No,0,0,11-05-2026 19:00,60.894
97,NH15 Crossing Fakirpara Tangni,Assam,18,Assam,283,DARRANG,-,-,-,-,-,-,-,-,-,26.50833333,92.11638889,No,0,0,11-05-2026 20:00,60.89
98,NH15 Crossing Fakirpara Tangni,Assam,18,Assam,283,DARRANG,-,-,-,-,-,-,-,-,-,26.50833333,92.11638889,No,0,0,11-05-2026 21:00,60.89
99,NH15 Crossing Fakirpara Tangni,Assam,18,Assam,283,DARRANG,-,-,-,-,-,-,-,-,-,26.50833333,92.11638889,No,0,0,11-05-2026 22:00,60.888
100,NH15 Crossing Fakirpara Tangni,Assam,18,Assam,283,DARRANG,-,-,-,-,-,-,-,-,-,26.50833333,92.11638889,No,0,0,11-05-2026 23:00,60.885
101,NH15 Crossing Fakirpara Tangni,Assam,18,Assam,283,DARRANG,-,-,-,-,-,-,-,-,-,26.50833333,92.11638889,No,0,0,12-05-2026 00:00,60.883
102,NH15 Crossing Fakirpara Tangni,Assam,18,Assam,283,DARRANG,-,-,-,-,-,-,-,-,-,26.50833333,92.11638889,No,0,0,12-05-2026 01:00,60.882
103,NH15 Crossing Fakirpara Tangni,Assam,18,Assam,283,DARRANG,-,-,-,-,-,-,-,-,-,26.50833333,92.11638889,No,0,0,12-05-2026 02:00,60.882
104,NH15 Crossing Fakirpara Tangni,Assam,18,Assam,283,DARRANG,-,-,-,-,-,-,-,-,-,26.50833333,92.11638889,No,0,0,12-05-2026 03:00,60.882
105,NH15 Crossing Fakirpara Tangni,Assam,18,Assam,283,DARRANG,-,-,-,-,-,-,-,-,-,26.50833333,92.11638889,No,0,0,12-05-2026 04:00,60.882
106,NH15 Crossing Fakirpara Tangni,Assam,18,Assam,283,DARRANG,-,-,-,-,-,-,-,-,-,26.50833333,92.11638889,No,0,0,12-05-2026 05:00,60.882
107,NH15 Crossing Fakirpara Tangni,Assam,18,Assam,283,DARRANG,-,-,-,-,-,-,-,-,-,26.50833333,92.11638889,No,0,0,12-05-2026 06:00,60.882
108,NH15 Crossing Fakirpara Tangni,Assam,18,Assam,283,DARRANG,-,-,-,-,-,-,-,-,-,26.50833333,92.11638889,No,0,0,12-05-2026 07:00,60.886
109,NH15 Crossing Fakirpara Tangni,Assam,18,Assam,283,DARRANG,-,-,-,-,-,-,-,-,-,26.50833333,92.11638889,No,0,0,12-05-2026 08:00,60.888
110,NH15 Crossing Fakirpara Tangni,Assam,18,Assam,283,DARRANG,-,-,-,-,-,-,-,-,-,26.50833333,92.11638889,No,0,0,12-05-2026 09:00,60.889
111,NH15 Crossing Fakirpara Tangni,Assam,18,Assam,283,DARRANG,-,-,-,-,-,-,-,-,-,26.50833333,92.11638889,No,0,0,12-05-2026 10:00,60.893
112,NH15 Crossing Fakirpara Tangni,Assam,18,Assam,283,DARRANG,-,-,-,-,-,-,-,-,-,26.50833333,92.11638889,No,0,0,12-05-2026 11:00,60.895
113,NH15 Crossing Fakirpara Tangni,Assam,18,Assam,283,DARRANG,-,-,-,-,-,-,-,-,-,26.50833333,92.11638889,No,0,0,12-05-2026 12:00,60.895
114,NH15 Crossing Fakirpara Tangni,Assam,18,Assam,283,DARRANG,-,-,-,-,-,-,-,-,-,26.50833333,92.11638889,No,0,0,12-05-2026 13:00,60.897
115,NH15 Crossing Fakirpara Tangni,Assam,18,Assam,283,DARRANG,-,-,-,-,-,-,-,-,-,26.50833333,92.11638889,No,0,0,12-05-2026 14:00,60.9
116,NH15 Crossing Fakirpara Tangni,Assam,18,Assam,283,DARRANG,-,-,-,-,-,-,-,-,-,26.50833333,92.11638889,No,0,0,12-05-2026 15:00,60.899
117,NH15 Crossing Fakirpara Tangni,Assam,18,Assam,283,DARRANG,-,-,-,-,-,-,-,-,-,26.50833333,92.11638889,No,0,0,12-05-2026 16:00,60.896
118,NH15 Crossing Fakirpara Tangni,Assam,18,Assam,283,DARRANG,-,-,-,-,-,-,-,-,-,26.50833333,92.11638889,No,0,0,12-05-2026 17:00,60.894
119,NH15 Crossing Fakirpara Tangni,Assam,18,Assam,283,DARRANG,-,-,-,-,-,-,-,-,-,26.50833333,92.11638889,No,0,0,12-05-2026 18:00,60.894
120,NH15 Crossing Fakirpara Tangni,Assam,18,Assam,283,DARRANG,-,-,-,-,-,-,-,-,-,26.50833333,92.11638889,No,0,0,12-05-2026 19:00,60.891
121,NH15 Crossing Fakirpara Tangni,Assam,18,Assam,283,DARRANG,-,-,-,-,-,-,-,-,-,26.50833333,92.11638889,No,0,0,12-05-2026 20:00,60.891
122,NH15 Crossing Fakirpara Tangni,Assam,18,Assam,283,DARRANG,-,-,-,-,-,-,-,-,-,26.50833333,92.11638889,No,0,0,12-05-2026 22:00,60.893
123,NH15 Crossing Fakirpara Tangni,Assam,18,Assam,283,DARRANG,-,-,-,-,-,-,-,-,-,26.50833333,92.11638889,No,0,0,13-05-2026 00:00,60.889
124,NH15 Crossing Fakirpara Tangni,Assam,18,Assam,283,DARRANG,-,-,-,-,-,-,-,-,-,26.50833333,92.11638889,No,0,0,13-05-2026 01:00,60.889
125,NH15 Crossing Fakirpara Tangni,Assam,18,Assam,283,DARRANG,-,-,-,-,-,-,-,-,-,26.50833333,92.11638889,No,0,0,13-05-2026 02:00,60.888
126,NH15 Crossing Fakirpara Tangni,Assam,18,Assam,283,DARRANG,-,-,-,-,-,-,-,-,-,26.50833333,92.11638889,No,0,0,13-05-2026 03:00,60.885
127,NH15 Crossing Fakirpara Tangni,Assam,18,Assam,283,DARRANG,-,-,-,-,-,-,-,-,-,26.50833333,92.11638889,No,0,0,13-05-2026 05:00,60.885
128,NH15 Crossing Fakirpara Tangni,Assam,18,Assam,283,DARRANG,-,-,-,-,-,-,-,-,-,26.50833333,92.11638889,No,0,0,13-05-2026 07:00,60.888
129,NH15 Crossing Fakirpara Tangni,Assam,18,Assam,283,DARRANG,-,-,-,-,-,-,-,-,-,26.50833333,92.11638889,No,0,0,13-05-2026 08:00,60.892
130,NH15 Crossing Fakirpara Tangni,Assam,18,Assam,283,DARRANG,-,-,-,-,-,-,-,-,-,26.50833333,92.11638889,No,0,0,13-05-2026 10:00,60.886
131,NH15 Crossing Fakirpara Tangni,Assam,18,Assam,283,DARRANG,-,-,-,-,-,-,-,-,-,26.50833333,92.11638889,No,0,0,13-05-2026 11:00,60.89
132,NH15 Crossing Fakirpara Tangni,Assam,18,Assam,283,DARRANG,-,-,-,-,-,-,-,-,-,26.50833333,92.11638889,No,0,0,13-05-2026 12:00,60.894
133,NH15 Crossing Fakirpara Tangni,Assam,18,Assam,283,DARRANG,-,-,-,-,-,-,-,-,-,26.50833333,92.11638889,No,0,0,13-05-2026 14:00,60.905
134,NH15 Crossing Fakirpara Tangni,Assam,18,Assam,283,DARRANG,-,-,-,-,-,-,-,-,-,26.50833333,92.11638889,No,0,0,13-05-2026 16:00,60.906
135,NH15 Crossing Fakirpara Tangni,Assam,18,Assam,283,DARRANG,-,-,-,-,-,-,-,-,-,26.50833333,92.11638889,No,0,0,13-05-2026 17:00,60.904
136,NH15 Crossing Fakirpara Tangni,Assam,18,Assam,283,DARRANG,-,-,-,-,-,-,-,-,-,26.50833333,92.11638889,No,0,0,13-05-2026 19:00,60.899
137,NH15 Crossing Fakirpara Tangni,Assam,18,Assam,283,DARRANG,-,-,-,-,-,-,-,-,-,26.50833333,92.11638889,No,0,0,13-05-2026 20:00,60.897
138,NH15 Crossing Fakirpara Tangni,Assam,18,Assam,283,DARRANG,-,-,-,-,-,-,-,-,-,26.50833333,92.11638889,No,0,0,13-05-2026 21:00,60.898
139,NH15 Crossing Fakirpara Tangni,Assam,18,Assam,283,DARRANG,-,-,-,-,-,-,-,-,-,26.50833333,92.11638889,No,0,0,13-05-2026 23:00,60.9
140,NH15 Crossing Fakirpara Tangni,Assam,18,Assam,283,DARRANG,-,-,-,-,-,-,-,-,-,26.50833333,92.11638889,No,0,0,14-05-2026 00:00,60.901
141,NH15 Crossing Fakirpara Tangni,Assam,18,Assam,283,DARRANG,-,-,-,-,-,-,-,-,-,26.50833333,92.11638889,No,0,0,14-05-2026 01:00,60.903
142,NH15 Crossing Fakirpara Tangni,Assam,18,Assam,283,DARRANG,-,-,-,-,-,-,-,-,-,26.50833333,92.11638889,No,0,0,14-05-2026 03:00,60.901
143,NH15 Crossing Fakirpara Tangni,Assam,18,Assam,283,DARRANG,-,-,-,-,-,-,-,-,-,26.50833333,92.11638889,No,0,0,14-05-2026 05:00,60.903
144,NH15 Crossing Fakirpara Tangni,Assam,18,Assam,283,DARRANG,-,-,-,-,-,-,-,-,-,26.50833333,92.11638889,No,0,0,14-05-2026 06:00,60.903
145,NH15 Crossing Fakirpara Tangni,Assam,18,Assam,283,DARRANG,-,-,-,-,-,-,-,-,-,26.50833333,92.11638889,No,0,0,14-05-2026 07:00,60.904
146,NH15 Crossing Fakirpara Tangni,Assam,18,Assam,283,DARRANG,-,-,-,-,-,-,-,-,-,26.50833333,92.11638889,No,0,0,14-05-2026 08:00,60.909
147,NH15 Crossing Fakirpara Tangni,Assam,18,Assam,283,DARRANG,-,-,-,-,-,-,-,-,-,26.50833333,92.11638889,No,0,0,14-05-2026 09:00,60.913
148,NH15 Crossing Fakirpara Tangni,Assam,18,Assam,283,DARRANG,-,-,-,-,-,-,-,-,-,26.50833333,92.11638889,No,0,0,14-05-2026 10:00,60.921
149,NH15 Crossing Fakirpara Tangni,Assam,18,Assam,283,DARRANG,-,-,-,-,-,-,-,-,-,26.50833333,92.11638889,No,0,0,14-05-2026 11:00,60.925
150,NH15 Crossing Fakirpara Tangni,Assam,18,Assam,283,DARRANG,-,-,-,-,-,-,-,-,-,26.50833333,92.11638889,No,0,0,14-05-2026 12:00,60.925
151,NH15 Crossing Fakirpara Tangni,Assam,18,Assam,283,DARRANG,-,-,-,-,-,-,-,-,-,26.50833333,92.11638889,No,0,0,14-05-2026 14:00,60.924
152,NH15 Crossing Fakirpara Tangni,Assam,18,Assam,283,DARRANG,-,-,-,-,-,-,-,-,-,26.50833333,92.11638889,No,0,0,14-05-2026 15:00,60.92
153,NH15 Crossing Fakirpara Tangni,Assam,18,Assam,283,DARRANG,-,-,-,-,-,-,-,-,-,26.50833333,92.11638889,No,0,0,14-05-2026 16:00,60.918
154,NH15 Crossing Fakirpara Tangni,Assam,18,Assam,283,DARRANG,-,-,-,-,-,-,-,-,-,26.50833333,92.11638889,No,0,0,14-05-2026 17:00,60.911
155,NH15 Crossing Fakirpara Tangni,Assam,18,Assam,283,DARRANG,-,-,-,-,-,-,-,-,-,26.50833333,92.11638889,No,0,0,14-05-2026 18:00,60.905
156,NH15 Crossing Fakirpara Tangni,Assam,18,Assam,283,DARRANG,-,-,-,-,-,-,-,-,-,26.50833333,92.11638889,No,0,0,14-05-2026 19:00,60.9
157,NH15 Crossing Fakirpara Tangni,Assam,18,Assam,283,DARRANG,-,-,-,-,-,-,-,-,-,26.50833333,92.11638889,No,0,0,14-05-2026 21:00,60.9
158,NH15 Crossing Fakirpara Tangni,Assam,18,Assam,283,DARRANG,-,-,-,-,-,-,-,-,-,26.50833333,92.11638889,No,0,0,14-05-2026 22:00,60.899
159,NH15 Crossing Fakirpara Tangni,Assam,18,Assam,283,DARRANG,-,-,-,-,-,-,-,-,-,26.50833333,92.11638889,No,0,0,15-05-2026 00:00,60.898
160,NH15 Crossing Fakirpara Tangni,Assam,18,Assam,283,DARRANG,-,-,-,-,-,-,-,-,-,26.50833333,92.11638889,No,0,0,15-05-2026 01:00,60.897
161,NH15 Crossing Fakirpara Tangni,Assam,18,Assam,283,DARRANG,-,-,-,-,-,-,-,-,-,26.50833333,92.11638889,No,0,0,15-05-2026 02:00,60.898
162,NH15 Crossing Fakirpara Tangni,Assam,18,Assam,283,DARRANG,-,-,-,-,-,-,-,-,-,26.50833333,92.11638889,No,0,0,15-05-2026 03:00,60.906
163,NH15 Crossing Fakirpara Tangni,Assam,18,Assam,283,DARRANG,-,-,-,-,-,-,-,-,-,26.50833333,92.11638889,No,0,0,15-05-2026 04:00,60.908
164,NH15 Crossing Fakirpara Tangni,Assam,18,Assam,283,DARRANG,-,-,-,-,-,-,-,-,-,26.50833333,92.11638889,No,0,0,15-05-2026 05:00,60.922
165,NH15 Crossing Fakirpara Tangni,Assam,18,Assam,283,DARRANG,-,-,-,-,-,-,-,-,-,26.50833333,92.11638889,No,0,0,15-05-2026 06:00,60.934
166,NH15 Crossing Fakirpara Tangni,Assam,18,Assam,283,DARRANG,-,-,-,-,-,-,-,-,-,26.50833333,92.11638889,No,0,0,15-05-2026 07:00,60.942
167,NH15 Crossing Fakirpara Tangni,Assam,18,Assam,283,DARRANG,-,-,-,-,-,-,-,-,-,26.50833333,92.11638889,No,0,0,15-05-2026 08:00,60.953
168,NH15 Crossing Fakirpara Tangni,Assam,18,Assam,283,DARRANG,-,-,-,-,-,-,-,-,-,26.50833333,92.11638889,No,0,0,15-05-2026 10:00,60.973
169,NH15 Crossing Fakirpara Tangni,Assam,18,Assam,283,DARRANG,-,-,-,-,-,-,-,-,-,26.50833333,92.11638889,No,0,0,15-05-2026 11:00,60.999
170,NH15 Crossing Fakirpara Tangni,Assam,18,Assam,283,DARRANG,-,-,-,-,-,-,-,-,-,26.50833333,92.11638889,No,0,0,15-05-2026 13:00,61.03
171,NH15 Crossing Fakirpara Tangni,Assam,18,Assam,283,DARRANG,-,-,-,-,-,-,-,-,-,26.50833333,92.11638889,No,0,0,15-05-2026 14:00,61.047
172,NH15 Crossing Fakirpara Tangni,Assam,18,Assam,283,DARRANG,-,-,-,-,-,-,-,-,-,26.50833333,92.11638889,No,0,0,15-05-2026 15:00,61.06
173,NH15 Crossing Fakirpara Tangni,Assam,18,Assam,283,DARRANG,-,-,-,-,-,-,-,-,-,26.50833333,92.11638889,No,0,0,15-05-2026 16:00,61.07
174,NH15 Crossing Fakirpara Tangni,Assam,18,Assam,283,DARRANG,-,-,-,-,-,-,-,-,-,26.50833333,92.11638889,No,0,0,15-05-2026 17:00,61.079
175,NH15 Crossing Fakirpara Tangni,Assam,18,Assam,283,DARRANG,-,-,-,-,-,-,-,-,-,26.50833333,92.11638889,No,0,0,15-05-2026 18:00,61.081
176,NH15 Crossing Fakirpara Tangni,Assam,18,Assam,283,DARRANG,-,-,-,-,-,-,-,-,-,26.50833333,92.11638889,No,0,0,15-05-2026 19:00,61.077
177,NH15 Crossing Fakirpara Tangni,Assam,18,Assam,283,DARRANG,-,-,-,-,-,-,-,-,-,26.50833333,92.11638889,No,0,0,15-05-2026 20:00,61.075
178,NH15 Crossing Fakirpara Tangni,Assam,18,Assam,283,DARRANG,-,-,-,-,-,-,-,-,-,26.50833333,92.11638889,No,0,0,15-05-2026 21:00,61.065
179,NH15 Crossing Fakirpara Tangni,Assam,18,Assam,283,DARRANG,-,-,-,-,-,-,-,-,-,26.50833333,92.11638889,No,0,0,15-05-2026 22:00,61.062
180,NH15 Crossing Fakirpara Tangni,Assam,18,Assam,283,DARRANG,-,-,-,-,-,-,-,-,-,26.50833333,92.11638889,No,0,0,15-05-2026 23:00,61.06
181,NH15 Crossing Fakirpara Tangni,Assam,18,Assam,283,DARRANG,-,-,-,-,-,-,-,-,-,26.50833333,92.11638889,No,0,0,16-05-2026 00:00,61.06
182,NH15 Crossing Fakirpara Tangni,Assam,18,Assam,283,DARRANG,-,-,-,-,-,-,-,-,-,26.50833333,92.11638889,No,0,0,16-05-2026 01:00,61.058
183,NH15 Crossing Fakirpara Tangni,Assam,18,Assam,283,DARRANG,-,-,-,-,-,-,-,-,-,26.50833333,92.11638889,No,0,0,16-05-2026 02:00,61.051
184,NH15 Crossing Fakirpara Tangni,Assam,18,Assam,283,DARRANG,-,-,-,-,-,-,-,-,-,26.50833333,92.11638889,No,0,0,16-05-2026 03:00,61.05
185,NH15 Crossing Fakirpara Tangni,Assam,18,Assam,283,DARRANG,-,-,-,-,-,-,-,-,-,26.50833333,92.11638889,No,0,0,16-05-2026 04:00,61.054
186,NH15 Crossing Fakirpara Tangni,Assam,18,Assam,283,DARRANG,-,-,-,-,-,-,-,-,-,26.50833333,92.11638889,No,0,0,16-05-2026 05:00,61.048
187,NH15 Crossing Fakirpara Tangni,Assam,18,Assam,283,DARRANG,-,-,-,-,-,-,-,-,-,26.50833333,92.11638889,No,0,0,16-05-2026 06:00,61.06
188,NH15 Crossing Fakirpara Tangni,Assam,18,Assam,283,DARRANG,-,-,-,-,-,-,-,-,-,26.50833333,92.11638889,No,0,0,16-05-2026 07:00,61.061
189,NH15 Crossing Fakirpara Tangni,Assam,18,Assam,283,DARRANG,-,-,-,-,-,-,-,-,-,26.50833333,92.11638889,No,0,0,16-05-2026 08:00,61.069
190,NH15 Crossing Fakirpara Tangni,Assam,18,Assam,283,DARRANG,-,-,-,-,-,-,-,-,-,26.50833333,92.11638889,No,0,0,16-05-2026 10:00,61.079
191,NH15 Crossing Fakirpara Tangni,Assam,18,Assam,283,DARRANG,-,-,-,-,-,-,-,-,-,26.50833333,92.11638889,No,0,0,16-05-2026 11:00,61.085
192,NH15 Crossing Fakirpara Tangni,Assam,18,Assam,283,DARRANG,-,-,-,-,-,-,-,-,-,26.50833333,92.11638889,No,0,0,16-05-2026 13:00,61.093
193,NH15 Crossing Fakirpara Tangni,Assam,18,Assam,283,DARRANG,-,-,-,-,-,-,-,-,-,26.50833333,92.11638889,No,0,0,16-05-2026 14:00,61.09
194,NH15 Crossing Fakirpara Tangni,Assam,18,Assam,283,DARRANG,-,-,-,-,-,-,-,-,-,26.50833333,92.11638889,No,0,0,16-05-2026 16:00,61.092
195,NH15 Crossing Fakirpara Tangni,Assam,18,Assam,283,DARRANG,-,-,-,-,-,-,-,-,-,26.50833333,92.11638889,No,0,0,16-05-2026 17:00,61.085
196,NH15 Crossing Fakirpara Tangni,Assam,18,Assam,283,DARRANG,-,-,-,-,-,-,-,-,-,26.50833333,92.11638889,No,0,0,16-05-2026 18:00,61.078
197,NH15 Crossing Fakirpara Tangni,Assam,18,Assam,283,DARRANG,-,-,-,-,-,-,-,-,-,26.50833333,92.11638889,No,0,0,16-05-2026 19:00,61.073
198,NH15 Crossing Fakirpara Tangni,Assam,18,Assam,283,DARRANG,-,-,-,-,-,-,-,-,-,26.50833333,92.11638889,No,0,0,16-05-2026 20:00,61.069
199,NH15 Crossing Fakirpara Tangni,Assam,18,Assam,283,DARRANG,-,-,-,-,-,-,-,-,-,26.50833333,92.11638889,No,0,0,16-05-2026 21:00,61.067
200,NH15 Crossing Fakirpara Tangni,Assam,18,Assam,283,DARRANG,-,-,-,-,-,-,-,-,-,26.50833333,92.11638889,No,0,0,16-05-2026 22:00,61.064
201,NH15 Crossing Fakirpara Tangni,Assam,18,Assam,283,DARRANG,-,-,-,-,-,-,-,-,-,26.50833333,92.11638889,No,0,0,16-05-2026 23:00,61.06
202,NH15 Crossing Fakirpara Tangni,Assam,18,Assam,283,DARRANG,-,-,-,-,-,-,-,-,-,26.50833333,92.11638889,No,0,0,17-05-2026 00:00,61.053
203,NH15 Crossing Fakirpara Tangni,Assam,18,Assam,283,DARRANG,-,-,-,-,-,-,-,-,-,26.50833333,92.11638889,No,0,0,17-05-2026 01:00,61.047
204,NH15 Crossing Fakirpara Tangni,Assam,18,Assam,283,DARRANG,-,-,-,-,-,-,-,-,-,26.50833333,92.11638889,No,0,0,17-05-2026 02:00,61.041
205,NH15 Crossing Fakirpara Tangni,Assam,18,Assam,283,DARRANG,-,-,-,-,-,-,-,-,-,26.50833333,92.11638889,No,0,0,17-05-2026 03:00,61.042
206,NH15 Crossing Fakirpara Tangni,Assam,18,Assam,283,DARRANG,-,-,-,-,-,-,-,-,-,26.50833333,92.11638889,No,0,0,17-05-2026 04:00,61.039
207,NH15 Crossing Fakirpara Tangni,Assam,18,Assam,283,DARRANG,-,-,-,-,-,-,-,-,-,26.50833333,92.11638889,No,0,0,17-05-2026 05:00,61.037
208,NH15 Crossing Fakirpara Tangni,Assam,18,Assam,283,DARRANG,-,-,-,-,-,-,-,-,-,26.50833333,92.11638889,No,0,0,17-05-2026 06:00,61.037
209,NH15 Crossing Fakirpara Tangni,Assam,18,Assam,283,DARRANG,-,-,-,-,-,-,-,-,-,26.50833333,92.11638889,No,0,0,17-05-2026 07:00,61.033
210,NH15 Crossing Fakirpara Tangni,Assam,18,Assam,283,DARRANG,-,-,-,-,-,-,-,-,-,26.50833333,92.11638889,No,0,0,17-05-2026 08:00,61.033
211,NH15 Crossing Fakirpara Tangni,Assam,18,Assam,283,DARRANG,-,-,-,-,-,-,-,-,-,26.50833333,92.11638889,No,0,0,17-05-2026 09:00,61.032
212,NH15 Crossing Fakirpara Tangni,Assam,18,Assam,283,DARRANG,-,-,-,-,-,-,-,-,-,26.50833333,92.11638889,No,0,0,17-05-2026 10:00,61.03
213,NH15 Crossing Fakirpara Tangni,Assam,18,Assam,283,DARRANG,-,-,-,-,-,-,-,-,-,26.50833333,92.11638889,No,0,0,17-05-2026 12:00,61.031
214,NH15 Crossing Fakirpara Tangni,Assam,18,Assam,283,DARRANG,-,-,-,-,-,-,-,-,-,26.50833333,92.11638889,No,0,0,17-05-2026 14:00,61.027
215,NH15 Crossing Fakirpara Tangni,Assam,18,Assam,283,DARRANG,-,-,-,-,-,-,-,-,-,26.50833333,92.11638889,No,0,0,17-05-2026 15:00,61.02
216,NH15 Crossing Fakirpara Tangni,Assam,18,Assam,283,DARRANG,-,-,-,-,-,-,-,-,-,26.50833333,92.11638889,No,0,0,17-05-2026 16:00,61.015
217,NH15 Crossing Fakirpara Tangni,Assam,18,Assam,283,DARRANG,-,-,-,-,-,-,-,-,-,26.50833333,92.11638889,No,0,0,17-05-2026 17:00,61.008
218,NH15 Crossing Fakirpara Tangni,Assam,18,Assam,283,DARRANG,-,-,-,-,-,-,-,-,-,26.50833333,92.11638889,No,0,0,17-05-2026 18:00,61.007
219,NH15 Crossing Fakirpara Tangni,Assam,18,Assam,283,DARRANG,-,-,-,-,-,-,-,-,-,26.50833333,92.11638889,No,0,0,17-05-2026 20:00,61.002
220,NH15 Crossing Fakirpara Tangni,Assam,18,Assam,283,DARRANG,-,-,-,-,-,-,-,-,-,26.50833333,92.11638889,No,0,0,17-05-2026 21:00,60.982
221,NH15 Crossing Fakirpara Tangni,Assam,18,Assam,283,DARRANG,-,-,-,-,-,-,-,-,-,26.50833333,92.11638889,No,0,0,17-05-2026 22:00,60.978
222,NH15 Crossing Fakirpara Tangni,Assam,18,Assam,283,DARRANG,-,-,-,-,-,-,-,-,-,26.50833333,92.11638889,No,0,0,17-05-2026 23:00,60.987
223,NH15 Crossing Fakirpara Tangni,Assam,18,Assam,283,DARRANG,-,-,-,-,-,-,-,-,-,26.50833333,92.11638889,No,0,0,18-05-2026 00:00,60.988
224,NH15 Crossing Fakirpara Tangni,Assam,18,Assam,283,DARRANG,-,-,-,-,-,-,-,-,-,26.50833333,92.11638889,No,0,0,18-05-2026 01:00,60.985
225,NH15 Crossing Fakirpara Tangni,Assam,18,Assam,283,DARRANG,-,-,-,-,-,-,-,-,-,26.50833333,92.11638889,No,0,0,18-05-2026 02:00,60.979
226,NH15 Crossing Fakirpara Tangni,Assam,18,Assam,283,DARRANG,-,-,-,-,-,-,-,-,-,26.50833333,92.11638889,No,0,0,18-05-2026 04:00,60.99
227,NH15 Crossing Fakirpara Tangni,Assam,18,Assam,283,DARRANG,-,-,-,-,-,-,-,-,-,26.50833333,92.11638889,No,0,0,18-05-2026 06:00,60.996
228,NH15 Crossing Fakirpara Tangni,Assam,18,Assam,283,DARRANG,-,-,-,-,-,-,-,-,-,26.50833333,92.11638889,No,0,0,18-05-2026 07:00,60.986
229,NH15 Crossing Fakirpara Tangni,Assam,18,Assam,283,DARRANG,-,-,-,-,-,-,-,-,-,26.50833333,92.11638889,No,0,0,18-05-2026 08:00,61.001
230,NH15 Crossing Fakirpara Tangni,Assam,18,Assam,283,DARRANG,-,-,-,-,-,-,-,-,-,26.50833333,92.11638889,No,0,0,18-05-2026 09:00,61.002
231,NH15 Crossing Fakirpara Tangni,Assam,18,Assam,283,DARRANG,-,-,-,-,-,-,-,-,-,26.50833333,92.11638889,No,0,0,18-05-2026 10:00,61.003
232,NH15 Crossing Fakirpara Tangni,Assam,18,Assam,283,DARRANG,-,-,-,-,-,-,-,-,-,26.50833333,92.11638889,No,0,0,18-05-2026 11:00,61.004
233,NH15 Crossing Fakirpara Tangni,Assam,18,Assam,283,DARRANG,-,-,-,-,-,-,-,-,-,26.50833333,92.11638889,No,0,0,18-05-2026 12:00,61.014
234,NH15 Crossing Fakirpara Tangni,Assam,18,Assam,283,DARRANG,-,-,-,-,-,-,-,-,-,26.50833333,92.11638889,No,0,0,18-05-2026 13:00,61.019
235,NH15 Crossing Fakirpara Tangni,Assam,18,Assam,283,DARRANG,-,-,-,-,-,-,-,-,-,26.50833333,92.11638889,No,0,0,18-05-2026 14:00,61.016
236,NH15 Crossing Fakirpara Tangni,Assam,18,Assam,283,DARRANG,-,-,-,-,-,-,-,-,-,26.50833333,92.11638889,No,0,0,18-05-2026 15:00,61.027
237,NH15 Crossing Fakirpara Tangni,Assam,18,Assam,283,DARRANG,-,-,-,-,-,-,-,-,-,26.50833333,92.11638889,No,0,0,18-05-2026 16:00,61.028
238,NH15 Crossing Fakirpara Tangni,Assam,18,Assam,283,DARRANG,-,-,-,-,-,-,-,-,-,26.50833333,92.11638889,No,0,0,18-05-2026 17:00,61.037
239,NH15 Crossing Fakirpara Tangni,Assam,18,Assam,283,DARRANG,-,-,-,-,-,-,-,-,-,26.50833333,92.11638889,No,0,0,18-05-2026 18:00,61.041
240,NH15 Crossing Fakirpara Tangni,Assam,18,Assam,283,DARRANG,-,-,-,-,-,-,-,-,-,26.50833333,92.11638889,No,0,0,18-05-2026 19:00,61.044
241,NH15 Crossing Fakirpara Tangni,Assam,18,Assam,283,DARRANG,-,-,-,-,-,-,-,-,-,26.50833333,92.11638889,No,0,0,18-05-2026 20:00,61.049
242,NH15 Crossing Fakirpara Tangni,Assam,18,Assam,283,DARRANG,-,-,-,-,-,-,-,-,-,26.50833333,92.11638889,No,0,0,18-05-2026 21:00,61.045
243,NH15 Crossing Fakirpara Tangni,Assam,18,Assam,283,DARRANG,-,-,-,-,-,-,-,-,-,26.50833333,92.11638889,No,0,0,18-05-2026 22:00,61.058
244,NH15 Crossing Fakirpara Tangni,Assam,18,Assam,283,DARRANG,-,-,-,-,-,-,-,-,-,26.50833333,92.11638889,No,0,0,18-05-2026 23:00,61.061
245,NH15 Crossing Fakirpara Tangni,Assam,18,Assam,283,DARRANG,-,-,-,-,-,-,-,-,-,26.50833333,92.11638889,No,0,0,19-05-2026 00:00,61.064
246,NH15 Crossing Fakirpara Tangni,Assam,18,Assam,283,DARRANG,-,-,-,-,-,-,-,-,-,26.50833333,92.11638889,No,0,0,19-05-2026 01:00,61.067
247,NH15 Crossing Fakirpara Tangni,Assam,18,Assam,283,DARRANG,-,-,-,-,-,-,-,-,-,26.50833333,92.11638889,No,0,0,19-05-2026 02:00,61.065
248,NH15 Crossing Fakirpara Tangni,Assam,18,Assam,283,DARRANG,-,-,-,-,-,-,-,-,-,26.50833333,92.11638889,No,0,0,19-05-2026 03:00,61.059
249,NH15 Crossing Fakirpara Tangni,Assam,18,Assam,283,DARRANG,-,-,-,-,-,-,-,-,-,26.50833333,92.11638889,No,0,0,19-05-2026 04:00,61.055
250,NH15 Crossing Fakirpara Tangni,Assam,18,Assam,283,DARRANG,-,-,-,-,-,-,-,-,-,26.50833333,92.11638889,No,0,0,19-05-2026 05:00,61.047
251,NH15 Crossing Fakirpara Tangni,Assam,18,Assam,283,DARRANG,-,-,-,-,-,-,-,-,-,26.50833333,92.11638889,No,0,0,19-05-2026 06:00,61.044
252,NH15 Crossing Fakirpara Tangni,Assam,18,Assam,283,DARRANG,-,-,-,-,-,-,-,-,-,26.50833333,92.11638889,No,0,0,19-05-2026 07:00,61.045
253,NH15 Crossing Fakirpara Tangni,Assam,18,Assam,283,DARRANG,-,-,-,-,-,-,-,-,-,26.50833333,92.11638889,No,0,0,19-05-2026 08:00,61.045
254,NH15 Crossing Fakirpara Tangni,Assam,18,Assam,283,DARRANG,-,-,-,-,-,-,-,-,-,26.50833333,92.11638889,No,0,0,19-05-2026 09:00,61.048
255,NH15 Crossing Fakirpara Tangni,Assam,18,Assam,283,DARRANG,-,-,-,-,-,-,-,-,-,26.50833333,92.11638889,No,0,0,19-05-2026 10:00,61.05
256,NH15 Crossing Fakirpara Tangni,Assam,18,Assam,283,DARRANG,-,-,-,-,-,-,-,-,-,26.50833333,92.11638889,No,0,0,19-05-2026 11:00,61.053
257,NH15 Crossing Fakirpara Tangni,Assam,18,Assam,283,DARRANG,-,-,-,-,-,-,-,-,-,26.50833333,92.11638889,No,0,0,19-05-2026 12:00,61.051
258,NH15 Crossing Fakirpara Tangni,Assam,18,Assam,283,DARRANG,-,-,-,-,-,-,-,-,-,26.50833333,92.11638889,No,0,0,19-05-2026 13:00,61.048
259,NH15 Crossing Fakirpara Tangni,Assam,18,Assam,283,DARRANG,-,-,-,-,-,-,-,-,-,26.50833333,92.11638889,No,0,0,19-05-2026 14:00,61.048
260,NH15 Crossing Fakirpara Tangni,Assam,18,Assam,283,DARRANG,-,-,-,-,-,-,-,-,-,26.50833333,92.11638889,No,0,0,19-05-2026 15:00,61.045
261,NH15 Crossing Fakirpara Tangni,Assam,18,Assam,283,DARRANG,-,-,-,-,-,-,-,-,-,26.50833333,92.11638889,No,0,0,19-05-2026 16:00,61.039
262,NH15 Crossing Fakirpara Tangni,Assam,18,Assam,283,DARRANG,-,-,-,-,-,-,-,-,-,26.50833333,92.11638889,No,0,0,19-05-2026 17:00,61.037
263,NH15 Crossing Fakirpara Tangni,Assam,18,Assam,283,DARRANG,-,-,-,-,-,-,-,-,-,26.50833333,92.11638889,No,0,0,19-05-2026 18:00,61.029
264,NH15 Crossing Fakirpara Tangni,Assam,18,Assam,283,DARRANG,-,-,-,-,-,-,-,-,-,26.50833333,92.11638889,No,0,0,19-05-2026 19:00,61.024
265,NH15 Crossing Fakirpara Tangni,Assam,18,Assam,283,DARRANG,-,-,-,-,-,-,-,-,-,26.50833333,92.11638889,No,0,0,19-05-2026 20:00,61.021
266,NH15 Crossing Fakirpara Tangni,Assam,18,Assam,283,DARRANG,-,-,-,-,-,-,-,-,-,26.50833333,92.11638889,No,0,0,19-05-2026 21:00,61.018
267,NH15 Crossing Fakirpara Tangni,Assam,18,Assam,283,DARRANG,-,-,-,-,-,-,-,-,-,26.50833333,92.11638889,No,0,0,19-05-2026 22:00,61.013
268,NH15 Crossing Fakirpara Tangni,Assam,18,Assam,283,DARRANG,-,-,-,-,-,-,-,-,-,26.50833333,92.11638889,No,0,0,19-05-2026 23:00,61.01
269,NH15 Crossing Fakirpara Tangni,Assam,18,Assam,283,DARRANG,-,-,-,-,-,-,-,-,-,26.50833333,92.11638889,No,0,0,20-05-2026 00:00,61.008
270,NH15 Crossing Fakirpara Tangni,Assam,18,Assam,283,DARRANG,-,-,-,-,-,-,-,-,-,26.50833333,92.11638889,No,0,0,20-05-2026 01:00,61.007
271,NH15 Crossing Fakirpara Tangni,Assam,18,Assam,283,DARRANG,-,-,-,-,-,-,-,-,-,26.50833333,92.11638889,No,0,0,20-05-2026 02:00,61.004
272,NH15 Crossing Fakirpara Tangni,Assam,18,Assam,283,DARRANG,-,-,-,-,-,-,-,-,-,26.50833333,92.11638889,No,0,0,20-05-2026 03:00,61
273,NH15 Crossing Fakirpara Tangni,Assam,18,Assam,283,DARRANG,-,-,-,-,-,-,-,-,-,26.50833333,92.11638889,No,0,0,20-05-2026 04:00,61
274,NH15 Crossing Fakirpara Tangni,Assam,18,Assam,283,DARRANG,-,-,-,-,-,-,-,-,-,26.50833333,92.11638889,No,0,0,20-05-2026 05:00,60.999
275,NH15 Crossing Fakirpara Tangni,Assam,18,Assam,283,DARRANG,-,-,-,-,-,-,-,-,-,26.50833333,92.11638889,No,0,0,20-05-2026 06:00,60.998
276,NH15 Crossing Fakirpara Tangni,Assam,18,Assam,283,DARRANG,-,-,-,-,-,-,-,-,-,26.50833333,92.11638889,No,0,0,20-05-2026 07:00,61
277,NH15 Crossing Fakirpara Tangni,Assam,18,Assam,283,DARRANG,-,-,-,-,-,-,-,-,-,26.50833333,92.11638889,No,0,0,20-05-2026 08:00,61.005
278,NH15 Crossing Fakirpara Tangni,Assam,18,Assam,283,DARRANG,-,-,-,-,-,-,-,-,-,26.50833333,92.11638889,No,0,0,20-05-2026 09:00,61.011
279,NH15 Crossing Fakirpara Tangni,Assam,18,Assam,283,DARRANG,-,-,-,-,-,-,-,-,-,26.50833333,92.11638889,No,0,0,20-05-2026 10:00,61.017
280,NH15 Crossing Fakirpara Tangni,Assam,18,Assam,283,DARRANG,-,-,-,-,-,-,-,-,-,26.50833333,92.11638889,No,0,0,20-05-2026 11:00,61.014
281,NH15 Crossing Fakirpara Tangni,Assam,18,Assam,283,DARRANG,-,-,-,-,-,-,-,-,-,26.50833333,92.11638889,No,0,0,20-05-2026 12:00,61.01
282,NH15 Crossing Fakirpara Tangni,Assam,18,Assam,283,DARRANG,-,-,-,-,-,-,-,-,-,26.50833333,92.11638889,No,0,0,20-05-2026 13:00,61.009
283,NH15 Crossing Fakirpara Tangni,Assam,18,Assam,283,DARRANG,-,-,-,-,-,-,-,-,-,26.50833333,92.11638889,No,0,0,20-05-2026 14:00,61.005
284,NH15 Crossing Fakirpara Tangni,Assam,18,Assam,283,DARRANG,-,-,-,-,-,-,-,-,-,26.50833333,92.11638889,No,0,0,20-05-2026 15:00,61.005
285,NH15 Crossing Fakirpara Tangni,Assam,18,Assam,283,DARRANG,-,-,-,-,-,-,-,-,-,26.50833333,92.11638889,No,0,0,20-05-2026 16:00,61.001
286,NH15 Crossing Fakirpara Tangni,Assam,18,Assam,283,DARRANG,-,-,-,-,-,-,-,-,-,26.50833333,92.11638889,No,0,0,20-05-2026 17:00,60.996
287,NH15 Crossing Fakirpara Tangni,Assam,18,Assam,283,DARRANG,-,-,-,-,-,-,-,-,-,26.50833333,92.11638889,No,0,0,20-05-2026 18:00,60.989
288,NH15 Crossing Fakirpara Tangni,Assam,18,Assam,283,DARRANG,-,-,-,-,-,-,-,-,-,26.50833333,92.11638889,No,0,0,20-05-2026 19:00,60.984
289,NH15 Crossing Fakirpara Tangni,Assam,18,Assam,283,DARRANG,-,-,-,-,-,-,-,-,-,26.50833333,92.11638889,No,0,0,20-05-2026 20:00,60.979
290,NH15 Crossing Fakirpara Tangni,Assam,18,Assam,283,DARRANG,-,-,-,-,-,-,-,-,-,26.50833333,92.11638889,No,0,0,20-05-2026 21:00,60.976
291,NH15 Crossing Fakirpara Tangni,Assam,18,Assam,283,DARRANG,-,-,-,-,-,-,-,-,-,26.50833333,92.11638889,No,0,0,20-05-2026 22:00,60.973
292,NH15 Crossing Fakirpara Tangni,Assam,18,Assam,283,DARRANG,-,-,-,-,-,-,-,-,-,26.50833333,92.11638889,No,0,0,20-05-2026 23:00,60.969
293,NH15 Crossing Fakirpara Tangni,Assam,18,Assam,283,DARRANG,-,-,-,-,-,-,-,-,-,26.50833333,92.11638889,No,0,0,21-05-2026 00:00,60.968
294,NH15 Crossing Fakirpara Tangni,Assam,18,Assam,283,DARRANG,-,-,-,-,-,-,-,-,-,26.50833333,92.11638889,No,0,0,21-05-2026 01:00,60.967
295,NH15 Crossing Fakirpara Tangni,Assam,18,Assam,283,DARRANG,-,-,-,-,-,-,-,-,-,26.50833333,92.11638889,No,0,0,21-05-2026 02:00,60.964
296,NH15 Crossing Fakirpara Tangni,Assam,18,Assam,283,DARRANG,-,-,-,-,-,-,-,-,-,26.50833333,92.11638889,No,0,0,21-05-2026 03:00,60.962
297,NH15 Crossing Fakirpara Tangni,Assam,18,Assam,283,DARRANG,-,-,-,-,-,-,-,-,-,26.50833333,92.11638889,No,0,0,21-05-2026 04:00,60.961
298,NH15 Crossing Fakirpara Tangni,Assam,18,Assam,283,DARRANG,-,-,-,-,-,-,-,-,-,26.50833333,92.11638889,No,0,0,21-05-2026 05:00,60.961
299,NH15 Crossing Fakirpara Tangni,Assam,18,Assam,283,DARRANG,-,-,-,-,-,-,-,-,-,26.50833333,92.11638889,No,0,0,21-05-2026 06:00,60.961
300,NH15 Crossing Fakirpara Tangni,Assam,18,Assam,283,DARRANG,-,-,-,-,-,-,-,-,-,26.50833333,92.11638889,No,0,0,21-05-2026 07:00,60.966
301,NH15 Crossing Fakirpara Tangni,Assam,18,Assam,283,DARRANG,-,-,-,-,-,-,-,-,-,26.50833333,92.11638889,No,0,0,21-05-2026 08:00,60.968
302,NH15 Crossing Fakirpara Tangni,Assam,18,Assam,283,DARRANG,-,-,-,-,-,-,-,-,-,26.50833333,92.11638889,No,0,0,21-05-2026 09:00,60.97
303,NH15 Crossing Fakirpara Tangni,Assam,18,Assam,283,DARRANG,-,-,-,-,-,-,-,-,-,26.50833333,92.11638889,No,0,0,21-05-2026 10:00,60.973
304,NH15 Crossing Fakirpara Tangni,Assam,18,Assam,283,DARRANG,-,-,-,-,-,-,-,-,-,26.50833333,92.11638889,No,0,0,21-05-2026 11:00,60.972
305,NH15 Crossing Fakirpara Tangni,Assam,18,Assam,283,DARRANG,-,-,-,-,-,-,-,-,-,26.50833333,92.11638889,No,0,0,21-05-2026 12:00,60.973
306,NH15 Crossing Fakirpara Tangni,Assam,18,Assam,283,DARRANG,-,-,-,-,-,-,-,-,-,26.50833333,92.11638889,No,0,0,21-05-2026 13:00,60.973
307,NH15 Crossing Fakirpara Tangni,Assam,18,Assam,283,DARRANG,-,-,-,-,-,-,-,-,-,26.50833333,92.11638889,No,0,0,21-05-2026 14:00,60.972
308,NH15 Crossing Fakirpara Tangni,Assam,18,Assam,283,DARRANG,-,-,-,-,-,-,-,-,-,26.50833333,92.11638889,No,0,0,21-05-2026 15:00,60.954
309,NH15 Crossing Fakirpara Tangni,Assam,18,Assam,283,DARRANG,-,-,-,-,-,-,-,-,-,26.50833333,92.11638889,No,0,0,21-05-2026 16:00,60.96
310,NH15 Crossing Fakirpara Tangni,Assam,18,Assam,283,DARRANG,-,-,-,-,-,-,-,-,-,26.50833333,92.11638889,No,0,0,21-05-2026 17:00,60.954
311,NH15 Crossing Fakirpara Tangni,Assam,18,Assam,283,DARRANG,-,-,-,-,-,-,-,-,-,26.50833333,92.11638889,No,0,0,21-05-2026 18:00,60.952
312,NH15 Crossing Fakirpara Tangni,Assam,18,Assam,283,DARRANG,-,-,-,-,-,-,-,-,-,26.50833333,92.11638889,No,0,0,21-05-2026 19:00,60.951
313,NH15 Crossing Fakirpara Tangni,Assam,18,Assam,283,DARRANG,-,-,-,-,-,-,-,-,-,26.50833333,92.11638889,No,0,0,21-05-2026 20:00,60.952
314,NH15 Crossing Fakirpara Tangni,Assam,18,Assam,283,DARRANG,-,-,-,-,-,-,-,-,-,26.50833333,92.11638889,No,0,0,21-05-2026 21:00,60.95
315,NH15 Crossing Fakirpara Tangni,Assam,18,Assam,283,DARRANG,-,-,-,-,-,-,-,-,-,26.50833333,92.11638889,No,0,0,21-05-2026 22:00,60.948
316,NH15 Crossing Fakirpara Tangni,Assam,18,Assam,283,DARRANG,-,-,-,-,-,-,-,-,-,26.50833333,92.11638889,No,0,0,21-05-2026 23:00,60.948
317,NH15 Crossing Fakirpara Tangni,Assam,18,Assam,283,DARRANG,-,-,-,-,-,-,-,-,-,26.50833333,92.11638889,No,0,0,22-05-2026 00:00,60.947
318,NH15 Crossing Fakirpara Tangni,Assam,18,Assam,283,DARRANG,-,-,-,-,-,-,-,-,-,26.50833333,92.11638889,No,0,0,22-05-2026 01:00,60.948
319,NH15 Crossing Fakirpara Tangni,Assam,18,Assam,283,DARRANG,-,-,-,-,-,-,-,-,-,26.50833333,92.11638889,No,0,0,22-05-2026 02:00,60.95
320,NH15 Crossing Fakirpara Tangni,Assam,18,Assam,283,DARRANG,-,-,-,-,-,-,-,-,-,26.50833333,92.11638889,No,0,0,22-05-2026 03:00,60.952
321,NH15 Crossing Fakirpara Tangni,Assam,18,Assam,283,DARRANG,-,-,-,-,-,-,-,-,-,26.50833333,92.11638889,No,0,0,22-05-2026 04:00,60.955
322,NH15 Crossing Fakirpara Tangni,Assam,18,Assam,283,DARRANG,-,-,-,-,-,-,-,-,-,26.50833333,92.11638889,No,0,0,22-05-2026 05:00,60.956
323,NH15 Crossing Fakirpara Tangni,Assam,18,Assam,283,DARRANG,-,-,-,-,-,-,-,-,-,26.50833333,92.11638889,No,0,0,22-05-2026 06:00,60.956
324,NH15 Crossing Fakirpara Tangni,Assam,18,Assam,283,DARRANG,-,-,-,-,-,-,-,-,-,26.50833333,92.11638889,No,0,0,22-05-2026 07:00,60.959
325,NH15 Crossing Fakirpara Tangni,Assam,18,Assam,283,DARRANG,-,-,-,-,-,-,-,-,-,26.50833333,92.11638889,No,0,0,22-05-2026 08:00,60.965
326,NH15 Crossing Fakirpara Tangni,Assam,18,Assam,283,DARRANG,-,-,-,-,-,-,-,-,-,26.50833333,92.11638889,No,0,0,22-05-2026 09:00,60.969
327,NH15 Crossing Fakirpara Tangni,Assam,18,Assam,283,DARRANG,-,-,-,-,-,-,-,-,-,26.50833333,92.11638889,No,0,0,22-05-2026 10:00,60.97
328,NH15 Crossing Fakirpara Tangni,Assam,18,Assam,283,DARRANG,-,-,-,-,-,-,-,-,-,26.50833333,92.11638889,No,0,0,22-05-2026 11:00,60.967
329,NH15 Crossing Fakirpara Tangni,Assam,18,Assam,283,DARRANG,-,-,-,-,-,-,-,-,-,26.50833333,92.11638889,No,0,0,22-05-2026 12:00,60.963
330,NH15 Crossing Fakirpara Tangni,Assam,18,Assam,283,DARRANG,-,-,-,-,-,-,-,-,-,26.50833333,92.11638889,No,0,0,22-05-2026 13:00,60.961
331,NH15 Crossing Fakirpara Tangni,Assam,18,Assam,283,DARRANG,-,-,-,-,-,-,-,-,-,26.50833333,92.11638889,No,0,0,22-05-2026 14:00,60.961
332,NH15 Crossing Fakirpara Tangni,Assam,18,Assam,283,DARRANG,-,-,-,-,-,-,-,-,-,26.50833333,92.11638889,No,0,0,22-05-2026 15:00,60.958
333,NH15 Crossing Fakirpara Tangni,Assam,18,Assam,283,DARRANG,-,-,-,-,-,-,-,-,-,26.50833333,92.11638889,No,0,0,22-05-2026 16:00,60.956
334,NH15 Crossing Fakirpara Tangni,Assam,18,Assam,283,DARRANG,-,-,-,-,-,-,-,-,-,26.50833333,92.11638889,No,0,0,22-05-2026 17:00,60.951
335,NH15 Crossing Fakirpara Tangni,Assam,18,Assam,283,DARRANG,-,-,-,-,-,-,-,-,-,26.50833333,92.11638889,No,0,0,22-05-2026 18:00,60.942
336,NH15 Crossing Fakirpara Tangni,Assam,18,Assam,283,DARRANG,-,-,-,-,-,-,-,-,-,26.50833333,92.11638889,No,0,0,22-05-2026 19:00,60.94
337,NH15 Crossing Fakirpara Tangni,Assam,18,Assam,283,DARRANG,-,-,-,-,-,-,-,-,-,26.50833333,92.11638889,No,0,0,22-05-2026 20:00,60.94
338,NH15 Crossing Fakirpara Tangni,Assam,18,Assam,283,DARRANG,-,-,-,-,-,-,-,-,-,26.50833333,92.11638889,No,0,0,22-05-2026 21:00,60.943
339,NH15 Crossing Fakirpara Tangni,Assam,18,Assam,283,DARRANG,-,-,-,-,-,-,-,-,-,26.50833333,92.11638889,No,0,0,22-05-2026 22:00,60.942
340,NH15 Crossing Fakirpara Tangni,Assam,18,Assam,283,DARRANG,-,-,-,-,-,-,-,-,-,26.50833333,92.11638889,No,0,0,22-05-2026 23:00,60.938
341,NH15 Crossing Fakirpara Tangni,Assam,18,Assam,283,DARRANG,-,-,-,-,-,-,-,-,-,26.50833333,92.11638889,No,0,0,23-05-2026 00:00,60.935
342,NH15 Crossing Fakirpara Tangni,Assam,18,Assam,283,DARRANG,-,-,-,-,-,-,-,-,-,26.50833333,92.11638889,No,0,0,23-05-2026 01:00,60.936
343,NH15 Crossing Fakirpara Tangni,Assam,18,Assam,283,DARRANG,-,-,-,-,-,-,-,-,-,26.50833333,92.11638889,No,0,0,23-05-2026 02:00,60.935
344,NH15 Crossing Fakirpara Tangni,Assam,18,Assam,283,DARRANG,-,-,-,-,-,-,-,-,-,26.50833333,92.11638889,No,0,0,23-05-2026 03:00,60.935
345,NH15 Crossing Fakirpara Tangni,Assam,18,Assam,283,DARRANG,-,-,-,-,-,-,-,-,-,26.50833333,92.11638889,No,0,0,23-05-2026 04:00,60.936
346,NH15 Crossing Fakirpara Tangni,Assam,18,Assam,283,DARRANG,-,-,-,-,-,-,-,-,-,26.50833333,92.11638889,No,0,0,23-05-2026 05:00,60.939
347,NH15 Crossing Fakirpara Tangni,Assam,18,Assam,283,DARRANG,-,-,-,-,-,-,-,-,-,26.50833333,92.11638889,No,0,0,23-05-2026 06:00,60.989
348,NH15 Crossing Fakirpara Tangni,Assam,18,Assam,283,DARRANG,-,-,-,-,-,-,-,-,-,26.50833333,92.11638889,No,0,0,23-05-2026 07:00,61.142
349,NH15 Crossing Fakirpara Tangni,Assam,18,Assam,283,DARRANG,-,-,-,-,-,-,-,-,-,26.50833333,92.11638889,No,0,0,23-05-2026 08:00,61.28
350,NH15 Crossing Fakirpara Tangni,Assam,18,Assam,283,DARRANG,-,-,-,-,-,-,-,-,-,26.50833333,92.11638889,No,0,0,23-05-2026 09:00,61.315
351,NH15 Crossing Fakirpara Tangni,Assam,18,Assam,283,DARRANG,-,-,-,-,-,-,-,-,-,26.50833333,92.11638889,No,0,0,23-05-2026 10:00,61.317
352,NH15 Crossing Fakirpara Tangni,Assam,18,Assam,283,DARRANG,-,-,-,-,-,-,-,-,-,26.50833333,92.11638889,No,0,0,23-05-2026 11:00,61.287
353,NH15 Crossing Fakirpara Tangni,Assam,18,Assam,283,DARRANG,-,-,-,-,-,-,-,-,-,26.50833333,92.11638889,No,0,0,23-05-2026 12:00,61.256
354,NH15 Crossing Fakirpara Tangni,Assam,18,Assam,283,DARRANG,-,-,-,-,-,-,-,-,-,26.50833333,92.11638889,No,0,0,23-05-2026 13:00,61.224
355,NH15 Crossing Fakirpara Tangni,Assam,18,Assam,283,DARRANG,-,-,-,-,-,-,-,-,-,26.50833333,92.11638889,No,0,0,23-05-2026 14:00,61.202
356,NH15 Crossing Fakirpara Tangni,Assam,18,Assam,283,DARRANG,-,-,-,-,-,-,-,-,-,26.50833333,92.11638889,No,0,0,23-05-2026 15:00,61.182
357,NH15 Crossing Fakirpara Tangni,Assam,18,Assam,283,DARRANG,-,-,-,-,-,-,-,-,-,26.50833333,92.11638889,No,0,0,23-05-2026 16:00,61.159
358,NH15 Crossing Fakirpara Tangni,Assam,18,Assam,283,DARRANG,-,-,-,-,-,-,-,-,-,26.50833333,92.11638889,No,0,0,23-05-2026 17:00,61.14
359,NH15 Crossing Fakirpara Tangni,Assam,18,Assam,283,DARRANG,-,-,-,-,-,-,-,-,-,26.50833333,92.11638889,No,0,0,23-05-2026 18:00,61.122
360,NH15 Crossing Fakirpara Tangni,Assam,18,Assam,283,DARRANG,-,-,-,-,-,-,-,-,-,26.50833333,92.11638889,No,0,0,23-05-2026 19:00,61.109
361,NH15 Crossing Fakirpara Tangni,Assam,18,Assam,283,DARRANG,-,-,-,-,-,-,-,-,-,26.50833333,92.11638889,No,0,0,23-05-2026 20:00,61.095
362,NH15 Crossing Fakirpara Tangni,Assam,18,Assam,283,DARRANG,-,-,-,-,-,-,-,-,-,26.50833333,92.11638889,No,0,0,23-05-2026 21:00,61.051
363,NH15 Crossing Fakirpara Tangni,Assam,18,Assam,283,DARRANG,-,-,-,-,-,-,-,-,-,26.50833333,92.11638889,No,0,0,23-05-2026 22:00,61.083
364,NH15 Crossing Fakirpara Tangni,Assam,18,Assam,283,DARRANG,-,-,-,-,-,-,-,-,-,26.50833333,92.11638889,No,0,0,23-05-2026 23:00,61.069
365,NH15 Crossing Fakirpara Tangni,Assam,18,Assam,283,DARRANG,-,-,-,-,-,-,-,-,-,26.50833333,92.11638889,No,0,0,24-05-2026 00:00,61.082
366,NH15 Crossing Fakirpara Tangni,Assam,18,Assam,283,DARRANG,-,-,-,-,-,-,-,-,-,26.50833333,92.11638889,No,0,0,24-05-2026 01:00,61.087
367,NH15 Crossing Fakirpara Tangni,Assam,18,Assam,283,DARRANG,-,-,-,-,-,-,-,-,-,26.50833333,92.11638889,No,0,0,24-05-2026 02:00,61.086
368,NH15 Crossing Fakirpara Tangni,Assam,18,Assam,283,DARRANG,-,-,-,-,-,-,-,-,-,26.50833333,92.11638889,No,0,0,24-05-2026 03:00,61.085
369,NH15 Crossing Fakirpara Tangni,Assam,18,Assam,283,DARRANG,-,-,-,-,-,-,-,-,-,26.50833333,92.11638889,No,0,0,24-05-2026 04:00,61.084
370,NH15 Crossing Fakirpara Tangni,Assam,18,Assam,283,DARRANG,-,-,-,-,-,-,-,-,-,26.50833333,92.11638889,No,0,0,24-05-2026 05:00,61.086
371,NH15 Crossing Fakirpara Tangni,Assam,18,Assam,283,DARRANG,-,-,-,-,-,-,-,-,-,26.50833333,92.11638889,No,0,0,24-05-2026 06:00,61.095
372,NH15 Crossing Fakirpara Tangni,Assam,18,Assam,283,DARRANG,-,-,-,-,-,-,-,-,-,26.50833333,92.11638889,No,0,0,24-05-2026 07:00,61.118
373,NH15 Crossing Fakirpara Tangni,Assam,18,Assam,283,DARRANG,-,-,-,-,-,-,-,-,-,26.50833333,92.11638889,No,0,0,24-05-2026 08:00,61.159
374,NH15 Crossing Fakirpara Tangni,Assam,18,Assam,283,DARRANG,-,-,-,-,-,-,-,-,-,26.50833333,92.11638889,No,0,0,24-05-2026 09:00,61.21
375,NH15 Crossing Fakirpara Tangni,Assam,18,Assam,283,DARRANG,-,-,-,-,-,-,-,-,-,26.50833333,92.11638889,No,0,0,24-05-2026 10:00,61.251
376,NH15 Crossing Fakirpara Tangni,Assam,18,Assam,283,DARRANG,-,-,-,-,-,-,-,-,-,26.50833333,92.11638889,No,0,0,24-05-2026 11:00,61.267
377,NH15 Crossing Fakirpara Tangni,Assam,18,Assam,283,DARRANG,-,-,-,-,-,-,-,-,-,26.50833333,92.11638889,No,0,0,24-05-2026 12:00,61.263
378,NH15 Crossing Fakirpara Tangni,Assam,18,Assam,283,DARRANG,-,-,-,-,-,-,-,-,-,26.50833333,92.11638889,No,0,0,24-05-2026 13:00,61.275
379,NH15 Crossing Fakirpara Tangni,Assam,18,Assam,283,DARRANG,-,-,-,-,-,-,-,-,-,26.50833333,92.11638889,No,0,0,24-05-2026 14:00,61.266
380,NH15 Crossing Fakirpara Tangni,Assam,18,Assam,283,DARRANG,-,-,-,-,-,-,-,-,-,26.50833333,92.11638889,No,0,0,24-05-2026 15:00,61.249
381,NH15 Crossing Fakirpara Tangni,Assam,18,Assam,283,DARRANG,-,-,-,-,-,-,-,-,-,26.50833333,92.11638889,No,0,0,24-05-2026 16:00,61.239
382,NH15 Crossing Fakirpara Tangni,Assam,18,Assam,283,DARRANG,-,-,-,-,-,-,-,-,-,26.50833333,92.11638889,No,0,0,24-05-2026 17:00,61.225
383,NH15 Crossing Fakirpara Tangni,Assam,18,Assam,283,DARRANG,-,-,-,-,-,-,-,-,-,26.50833333,92.11638889,No,0,0,24-05-2026 18:00,61.213
384,NH15 Crossing Fakirpara Tangni,Assam,18,Assam,283,DARRANG,-,-,-,-,-,-,-,-,-,26.50833333,92.11638889,No,0,0,24-05-2026 19:00,61.208
385,NH15 Crossing Fakirpara Tangni,Assam,18,Assam,283,DARRANG,-,-,-,-,-,-,-,-,-,26.50833333,92.11638889,No,0,0,24-05-2026 20:00,61.207
386,NH15 Crossing Fakirpara Tangni,Assam,18,Assam,283,DARRANG,-,-,-,-,-,-,-,-,-,26.50833333,92.11638889,No,0,0,24-05-2026 21:00,61.21
387,NH15 Crossing Fakirpara Tangni,Assam,18,Assam,283,DARRANG,-,-,-,-,-,-,-,-,-,26.50833333,92.11638889,No,0,0,24-05-2026 22:00,61.212
388,NH15 Crossing Fakirpara Tangni,Assam,18,Assam,283,DARRANG,-,-,-,-,-,-,-,-,-,26.50833333,92.11638889,No,0,0,24-05-2026 23:00,61.209
389,NH15 Crossing Fakirpara Tangni,Assam,18,Assam,283,DARRANG,-,-,-,-,-,-,-,-,-,26.50833333,92.11638889,No,0,0,25-05-2026 00:00,61.202
390,NH15 Crossing Fakirpara Tangni,Assam,18,Assam,283,DARRANG,-,-,-,-,-,-,-,-,-,26.50833333,92.11638889,No,0,0,25-05-2026 01:00,61.192
391,NH15 Crossing Fakirpara Tangni,Assam,18,Assam,283,DARRANG,-,-,-,-,-,-,-,-,-,26.50833333,92.11638889,No,0,0,25-05-2026 02:00,61.183
392,NH15 Crossing Fakirpara Tangni,Assam,18,Assam,283,DARRANG,-,-,-,-,-,-,-,-,-,26.50833333,92.11638889,No,0,0,25-05-2026 03:00,61.17
393,NH15 Crossing Fakirpara Tangni,Assam,18,Assam,283,DARRANG,-,-,-,-,-,-,-,-,-,26.50833333,92.11638889,No,0,0,25-05-2026 04:00,61.159
394,NH15 Crossing Fakirpara Tangni,Assam,18,Assam,283,DARRANG,-,-,-,-,-,-,-,-,-,26.50833333,92.11638889,No,0,0,25-05-2026 05:00,61.151
395,NH15 Crossing Fakirpara Tangni,Assam,18,Assam,283,DARRANG,-,-,-,-,-,-,-,-,-,26.50833333,92.11638889,No,0,0,25-05-2026 06:00,61.147
396,NH15 Crossing Fakirpara Tangni,Assam,18,Assam,283,DARRANG,-,-,-,-,-,-,-,-,-,26.50833333,92.11638889,No,0,0,25-05-2026 07:00,61.147
397,NH15 Crossing Fakirpara Tangni,Assam,18,Assam,283,DARRANG,-,-,-,-,-,-,-,-,-,26.50833333,92.11638889,No,0,0,25-05-2026 08:00,61.149
398,NH15 Crossing Fakirpara Tangni,Assam,18,Assam,283,DARRANG,-,-,-,-,-,-,-,-,-,26.50833333,92.11638889,No,0,0,25-05-2026 09:00,61.147
399,NH15 Crossing Fakirpara Tangni,Assam,18,Assam,283,DARRANG,-,-,-,-,-,-,-,-,-,26.50833333,92.11638889,No,0,0,25-05-2026 10:00,61.137
400,NH15 Crossing Fakirpara Tangni,Assam,18,Assam,283,DARRANG,-,-,-,-,-,-,-,-,-,26.50833333,92.11638889,No,0,0,25-05-2026 11:00,61.134
401,NH15 Crossing Fakirpara Tangni,Assam,18,Assam,283,DARRANG,-,-,-,-,-,-,-,-,-,26.50833333,92.11638889,No,0,0,25-05-2026 12:00,61.113
402,NH15 Crossing Fakirpara Tangni,Assam,18,Assam,283,DARRANG,-,-,-,-,-,-,-,-,-,26.50833333,92.11638889,No,0,0,25-05-2026 13:00,61.13
403,NH15 Crossing Fakirpara Tangni,Assam,18,Assam,283,DARRANG,-,-,-,-,-,-,-,-,-,26.50833333,92.11638889,No,0,0,25-05-2026 14:00,61.109
404,NH15 Crossing Fakirpara Tangni,Assam,18,Assam,283,DARRANG,-,-,-,-,-,-,-,-,-,26.50833333,92.11638889,No,0,0,25-05-2026 15:00,61.134
405,NH15 Crossing Fakirpara Tangni,Assam,18,Assam,283,DARRANG,-,-,-,-,-,-,-,-,-,26.50833333,92.11638889,No,0,0,25-05-2026 16:00,61.135
406,NH15 Crossing Fakirpara Tangni,Assam,18,Assam,283,DARRANG,-,-,-,-,-,-,-,-,-,26.50833333,92.11638889,No,0,0,25-05-2026 17:00,61.128
407,NH15 Crossing Fakirpara Tangni,Assam,18,Assam,283,DARRANG,-,-,-,-,-,-,-,-,-,26.50833333,92.11638889,No,0,0,25-05-2026 18:00,61.121
408,NH15 Crossing Fakirpara Tangni,Assam,18,Assam,283,DARRANG,-,-,-,-,-,-,-,-,-,26.50833333,92.11638889,No,0,0,25-05-2026 19:00,61.114
409,NH15 Crossing Fakirpara Tangni,Assam,18,Assam,283,DARRANG,-,-,-,-,-,-,-,-,-,26.50833333,92.11638889,No,0,0,25-05-2026 20:00,61.104
410,NH15 Crossing Fakirpara Tangni,Assam,18,Assam,283,DARRANG,-,-,-,-,-,-,-,-,-,26.50833333,92.11638889,No,0,0,25-05-2026 21:00,61.1
411,NH15 Crossing Fakirpara Tangni,Assam,18,Assam,283,DARRANG,-,-,-,-,-,-,-,-,-,26.50833333,92.11638889,No,0,0,25-05-2026 22:00,61.095
412,NH15 Crossing Fakirpara Tangni,Assam,18,Assam,283,DARRANG,-,-,-,-,-,-,-,-,-,26.50833333,92.11638889,No,0,0,25-05-2026 23:00,61.09
413,NH15 Crossing Fakirpara Tangni,Assam,18,Assam,283,DARRANG,-,-,-,-,-,-,-,-,-,26.50833333,92.11638889,No,0,0,26-05-2026 00:00,61.077
414,NH15 Crossing Fakirpara Tangni,Assam,18,Assam,283,DARRANG,-,-,-,-,-,-,-,-,-,26.50833333,92.11638889,No,0,0,26-05-2026 01:00,61.089
415,NH15 Crossing Fakirpara Tangni,Assam,18,Assam,283,DARRANG,-,-,-,-,-,-,-,-,-,26.50833333,92.11638889,No,0,0,26-05-2026 02:00,61.085
416,NH15 Crossing Fakirpara Tangni,Assam,18,Assam,283,DARRANG,-,-,-,-,-,-,-,-,-,26.50833333,92.11638889,No,0,0,26-05-2026 03:00,61.079
417,NH15 Crossing Fakirpara Tangni,Assam,18,Assam,283,DARRANG,-,-,-,-,-,-,-,-,-,26.50833333,92.11638889,No,0,0,26-05-2026 04:00,61.073
418,NH15 Crossing Fakirpara Tangni,Assam,18,Assam,283,DARRANG,-,-,-,-,-,-,-,-,-,26.50833333,92.11638889,No,0,0,26-05-2026 05:00,61.067
419,NH15 Crossing Fakirpara Tangni,Assam,18,Assam,283,DARRANG,-,-,-,-,-,-,-,-,-,26.50833333,92.11638889,No,0,0,26-05-2026 07:00,61.059
420,NH15 Crossing Fakirpara Tangni,Assam,18,Assam,283,DARRANG,-,-,-,-,-,-,-,-,-,26.50833333,92.11638889,No,0,0,26-05-2026 08:00,61.056
421,NH15 Crossing Fakirpara Tangni,Assam,18,Assam,283,DARRANG,-,-,-,-,-,-,-,-,-,26.50833333,92.11638889,No,0,0,26-05-2026 09:00,61.053
422,NH15 Crossing Fakirpara Tangni,Assam,18,Assam,283,DARRANG,-,-,-,-,-,-,-,-,-,26.50833333,92.11638889,No,0,0,26-05-2026 10:00,61.055
423,NH15 Crossing Fakirpara Tangni,Assam,18,Assam,283,DARRANG,-,-,-,-,-,-,-,-,-,26.50833333,92.11638889,No,0,0,26-05-2026 11:00,61.06
424,NH15 Crossing Fakirpara Tangni,Assam,18,Assam,283,DARRANG,-,-,-,-,-,-,-,-,-,26.50833333,92.11638889,No,0,0,26-05-2026 12:00,61.056
425,NH15 Crossing Fakirpara Tangni,Assam,18,Assam,283,DARRANG,-,-,-,-,-,-,-,-,-,26.50833333,92.11638889,No,0,0,26-05-2026 13:00,61.058
426,NH15 Crossing Fakirpara Tangni,Assam,18,Assam,283,DARRANG,-,-,-,-,-,-,-,-,-,26.50833333,92.11638889,No,0,0,26-05-2026 14:00,61.061
427,NH15 Crossing Fakirpara Tangni,Assam,18,Assam,283,DARRANG,-,-,-,-,-,-,-,-,-,26.50833333,92.11638889,No,0,0,26-05-2026 15:00,61.05
428,NH15 Crossing Fakirpara Tangni,Assam,18,Assam,283,DARRANG,-,-,-,-,-,-,-,-,-,26.50833333,92.11638889,No,0,0,26-05-2026 16:00,61.044
429,NH15 Crossing Fakirpara Tangni,Assam,18,Assam,283,DARRANG,-,-,-,-,-,-,-,-,-,26.50833333,92.11638889,No,0,0,26-05-2026 17:00,61.04
430,NH15 Crossing Fakirpara Tangni,Assam,18,Assam,283,DARRANG,-,-,-,-,-,-,-,-,-,26.50833333,92.11638889,No,0,0,26-05-2026 18:00,61.036
431,NH15 Crossing Fakirpara Tangni,Assam,18,Assam,283,DARRANG,-,-,-,-,-,-,-,-,-,26.50833333,92.11638889,No,0,0,26-05-2026 19:00,61.029
432,NH15 Crossing Fakirpara Tangni,Assam,18,Assam,283,DARRANG,-,-,-,-,-,-,-,-,-,26.50833333,92.11638889,No,0,0,26-05-2026 20:00,61.025
433,NH15 Crossing Fakirpara Tangni,Assam,18,Assam,283,DARRANG,-,-,-,-,-,-,-,-,-,26.50833333,92.11638889,No,0,0,26-05-2026 21:00,61.024
434,NH15 Crossing Fakirpara Tangni,Assam,18,Assam,283,DARRANG,-,-,-,-,-,-,-,-,-,26.50833333,92.11638889,No,0,0,26-05-2026 22:00,61.022
435,NH15 Crossing Fakirpara Tangni,Assam,18,Assam,283,DARRANG,-,-,-,-,-,-,-,-,-,26.50833333,92.11638889,No,0,0,26-05-2026 23:00,61.019
436,NH15 Crossing Fakirpara Tangni,Assam,18,Assam,283,DARRANG,-,-,-,-,-,-,-,-,-,26.50833333,92.11638889,No,0,0,27-05-2026 00:00,61.017
437,NH15 Crossing Fakirpara Tangni,Assam,18,Assam,283,DARRANG,-,-,-,-,-,-,-,-,-,26.50833333,92.11638889,No,0,0,27-05-2026 01:00,61.015
438,NH15 Crossing Fakirpara Tangni,Assam,18,Assam,283,DARRANG,-,-,-,-,-,-,-,-,-,26.50833333,92.11638889,No,0,0,27-05-2026 02:00,61.009
439,NH15 Crossing Fakirpara Tangni,Assam,18,Assam,283,DARRANG,-,-,-,-,-,-,-,-,-,26.50833333,92.11638889,No,0,0,27-05-2026 03:00,61.013
440,NH15 Crossing Fakirpara Tangni,Assam,18,Assam,283,DARRANG,-,-,-,-,-,-,-,-,-,26.50833333,92.11638889,No,0,0,27-05-2026 04:00,61.008
441,NH15 Crossing Fakirpara Tangni,Assam,18,Assam,283,DARRANG,-,-,-,-,-,-,-,-,-,26.50833333,92.11638889,No,0,0,27-05-2026 05:00,61.005
442,NH15 Crossing Fakirpara Tangni,Assam,18,Assam,283,DARRANG,-,-,-,-,-,-,-,-,-,26.50833333,92.11638889,No,0,0,27-05-2026 06:00,61.006
443,NH15 Crossing Fakirpara Tangni,Assam,18,Assam,283,DARRANG,-,-,-,-,-,-,-,-,-,26.50833333,92.11638889,No,0,0,27-05-2026 07:00,61.009
444,NH15 Crossing Fakirpara Tangni,Assam,18,Assam,283,DARRANG,-,-,-,-,-,-,-,-,-,26.50833333,92.11638889,No,0,0,27-05-2026 08:00,61.011
445,NH15 Crossing Fakirpara Tangni,Assam,18,Assam,283,DARRANG,-,-,-,-,-,-,-,-,-,26.50833333,92.11638889,No,0,0,27-05-2026 09:00,61.013
446,NH15 Crossing Fakirpara Tangni,Assam,18,Assam,283,DARRANG,-,-,-,-,-,-,-,-,-,26.50833333,92.11638889,No,0,0,27-05-2026 10:00,61.009
447,NH15 Crossing Fakirpara Tangni,Assam,18,Assam,283,DARRANG,-,-,-,-,-,-,-,-,-,26.50833333,92.11638889,No,0,0,27-05-2026 11:00,61.015
448,NH15 Crossing Fakirpara Tangni,Assam,18,Assam,283,DARRANG,-,-,-,-,-,-,-,-,-,26.50833333,92.11638889,No,0,0,27-05-2026 12:00,61.015
449,NH15 Crossing Fakirpara Tangni,Assam,18,Assam,283,DARRANG,-,-,-,-,-,-,-,-,-,26.50833333,92.11638889,No,0,0,27-05-2026 13:00,61.015
450,NH15 Crossing Fakirpara Tangni,Assam,18,Assam,283,DARRANG,-,-,-,-,-,-,-,-,-,26.50833333,92.11638889,No,0,0,27-05-2026 14:00,61.013
451,NH15 Crossing Fakirpara Tangni,Assam,18,Assam,283,DARRANG,-,-,-,-,-,-,-,-,-,26.50833333,92.11638889,No,0,0,27-05-2026 15:00,61.014
452,NH15 Crossing Fakirpara Tangni,Assam,18,Assam,283,DARRANG,-,-,-,-,-,-,-,-,-,26.50833333,92.11638889,No,0,0,27-05-2026 16:00,61.013
453,NH15 Crossing Fakirpara Tangni,Assam,18,Assam,283,DARRANG,-,-,-,-,-,-,-,-,-,26.50833333,92.11638889,No,0,0,27-05-2026 17:00,61.013
454,NH15 Crossing Fakirpara Tangni,Assam,18,Assam,283,DARRANG,-,-,-,-,-,-,-,-,-,26.50833333,92.11638889,No,0,0,27-05-2026 18:00,61.023
455,NH15 Crossing Fakirpara Tangni,Assam,18,Assam,283,DARRANG,-,-,-,-,-,-,-,-,-,26.50833333,92.11638889,No,0,0,27-05-2026 19:00,61.036
456,NH15 Crossing Fakirpara Tangni,Assam,18,Assam,283,DARRANG,-,-,-,-,-,-,-,-,-,26.50833333,92.11638889,No,0,0,27-05-2026 20:00,61.058
457,NH15 Crossing Fakirpara Tangni,Assam,18,Assam,283,DARRANG,-,-,-,-,-,-,-,-,-,26.50833333,92.11638889,No,0,0,27-05-2026 21:00,61.079
458,NH15 Crossing Fakirpara Tangni,Assam,18,Assam,283,DARRANG,-,-,-,-,-,-,-,-,-,26.50833333,92.11638889,No,0,0,27-05-2026 22:00,61.096
459,NH15 Crossing Fakirpara Tangni,Assam,18,Assam,283,DARRANG,-,-,-,-,-,-,-,-,-,26.50833333,92.11638889,No,0,0,27-05-2026 23:00,61.105
460,NH15 Crossing Fakirpara Tangni,Assam,18,Assam,283,DARRANG,-,-,-,-,-,-,-,-,-,26.50833333,92.11638889,No,0,0,28-05-2026 00:00,61.104
461,NH15 Crossing Fakirpara Tangni,Assam,18,Assam,283,DARRANG,-,-,-,-,-,-,-,-,-,26.50833333,92.11638889,No,0,0,28-05-2026 01:00,61.095
462,NH15 Crossing Fakirpara Tangni,Assam,18,Assam,283,DARRANG,-,-,-,-,-,-,-,-,-,26.50833333,92.11638889,No,0,0,28-05-2026 02:00,61.089
463,NH15 Crossing Fakirpara Tangni,Assam,18,Assam,283,DARRANG,-,-,-,-,-,-,-,-,-,26.50833333,92.11638889,No,0,0,28-05-2026 03:00,61.076
464,NH15 Crossing Fakirpara Tangni,Assam,18,Assam,283,DARRANG,-,-,-,-,-,-,-,-,-,26.50833333,92.11638889,No,0,0,28-05-2026 04:00,61.063
465,NH15 Crossing Fakirpara Tangni,Assam,18,Assam,283,DARRANG,-,-,-,-,-,-,-,-,-,26.50833333,92.11638889,No,0,0,28-05-2026 05:00,61.054
466,NH15 Crossing Fakirpara Tangni,Assam,18,Assam,283,DARRANG,-,-,-,-,-,-,-,-,-,26.50833333,92.11638889,No,0,0,28-05-2026 06:00,61.048
467,NH15 Crossing Fakirpara Tangni,Assam,18,Assam,283,DARRANG,-,-,-,-,-,-,-,-,-,26.50833333,92.11638889,No,0,0,28-05-2026 07:00,61.048
468,NH15 Crossing Fakirpara Tangni,Assam,18,Assam,283,DARRANG,-,-,-,-,-,-,-,-,-,26.50833333,92.11638889,No,0,0,28-05-2026 08:00,61.046
469,NH15 Crossing Fakirpara Tangni,Assam,18,Assam,283,DARRANG,-,-,-,-,-,-,-,-,-,26.50833333,92.11638889,No,0,0,28-05-2026 09:00,61.052
470,NH15 Crossing Fakirpara Tangni,Assam,18,Assam,283,DARRANG,-,-,-,-,-,-,-,-,-,26.50833333,92.11638889,No,0,0,28-05-2026 10:00,61.06
471,NH15 Crossing Fakirpara Tangni,Assam,18,Assam,283,DARRANG,-,-,-,-,-,-,-,-,-,26.50833333,92.11638889,No,0,0,28-05-2026 11:00,61.065
472,NH15 Crossing Fakirpara Tangni,Assam,18,Assam,283,DARRANG,-,-,-,-,-,-,-,-,-,26.50833333,92.11638889,No,0,0,28-05-2026 12:00,61.073
473,NH15 Crossing Fakirpara Tangni,Assam,18,Assam,283,DARRANG,-,-,-,-,-,-,-,-,-,26.50833333,92.11638889,No,0,0,28-05-2026 13:00,61.074
474,NH15 Crossing Fakirpara Tangni,Assam,18,Assam,283,DARRANG,-,-,-,-,-,-,-,-,-,26.50833333,92.11638889,No,0,0,28-05-2026 14:00,61.075
475,NH15 Crossing Fakirpara Tangni,Assam,18,Assam,283,DARRANG,-,-,-,-,-,-,-,-,-,26.50833333,92.11638889,No,0,0,28-05-2026 15:00,61.071
476,NH15 Crossing Fakirpara Tangni,Assam,18,Assam,283,DARRANG,-,-,-,-,-,-,-,-,-,26.50833333,92.11638889,No,0,0,28-05-2026 16:00,61.065
477,NH15 Crossing Fakirpara Tangni,Assam,18,Assam,283,DARRANG,-,-,-,-,-,-,-,-,-,26.50833333,92.11638889,No,0,0,28-05-2026 17:00,61.068
478,NH15 Crossing Fakirpara Tangni,Assam,18,Assam,283,DARRANG,-,-,-,-,-,-,-,-,-,26.50833333,92.11638889,No,0,0,28-05-2026 18:00,61.066
479,NH15 Crossing Fakirpara Tangni,Assam,18,Assam,283,DARRANG,-,-,-,-,-,-,-,-,-,26.50833333,92.11638889,No,0,0,28-05-2026 19:00,61.061
480,NH15 Crossing Fakirpara Tangni,Assam,18,Assam,283,DARRANG,-,-,-,-,-,-,-,-,-,26.50833333,92.11638889,No,0,0,28-05-2026 20:00,61.054
481,NH15 Crossing Fakirpara Tangni,Assam,18,Assam,283,DARRANG,-,-,-,-,-,-,-,-,-,26.50833333,92.11638889,No,0,0,28-05-2026 21:00,61.053
482,NH15 Crossing Fakirpara Tangni,Assam,18,Assam,283,DARRANG,-,-,-,-,-,-,-,-,-,26.50833333,92.11638889,No,0,0,28-05-2026 22:00,61.049
483,NH15 Crossing Fakirpara Tangni,Assam,18,Assam,283,DARRANG,-,-,-,-,-,-,-,-,-,26.50833333,92.11638889,No,0,0,28-05-2026 23:00,61.047
484,NH15 Crossing Fakirpara Tangni,Assam,18,Assam,283,DARRANG,-,-,-,-,-,-,-,-,-,26.50833333,92.11638889,No,0,0,29-05-2026 00:00,61.047
485,NH15 Crossing Fakirpara Tangni,Assam,18,Assam,283,DARRANG,-,-,-,-,-,-,-,-,-,26.50833333,92.11638889,No,0,0,29-05-2026 01:00,61.047
486,NH15 Crossing Fakirpara Tangni,Assam,18,Assam,283,DARRANG,-,-,-,-,-,-,-,-,-,26.50833333,92.11638889,No,0,0,29-05-2026 02:00,61.046
487,NH15 Crossing Fakirpara Tangni,Assam,18,Assam,283,DARRANG,-,-,-,-,-,-,-,-,-,26.50833333,92.11638889,No,0,0,29-05-2026 03:00,61.046
488,NH15 Crossing Fakirpara Tangni,Assam,18,Assam,283,DARRANG,-,-,-,-,-,-,-,-,-,26.50833333,92.11638889,No,0,0,29-05-2026 04:00,61.05
489,NH15 Crossing Fakirpara Tangni,Assam,18,Assam,283,DARRANG,-,-,-,-,-,-,-,-,-,26.50833333,92.11638889,No,0,0,29-05-2026 05:00,61.051
490,NH15 Crossing Fakirpara Tangni,Assam,18,Assam,283,DARRANG,-,-,-,-,-,-,-,-,-,26.50833333,92.11638889,No,0,0,29-05-2026 06:00,61.06
491,NH15 Crossing Fakirpara Tangni,Assam,18,Assam,283,DARRANG,-,-,-,-,-,-,-,-,-,26.50833333,92.11638889,No,0,0,29-05-2026 07:00,61.076
492,NH15 Crossing Fakirpara Tangni,Assam,18,Assam,283,DARRANG,-,-,-,-,-,-,-,-,-,26.50833333,92.11638889,No,0,0,29-05-2026 08:00,61.09
493,NH15 Crossing Fakirpara Tangni,Assam,18,Assam,283,DARRANG,-,-,-,-,-,-,-,-,-,26.50833333,92.11638889,No,0,0,29-05-2026 09:00,61.101
494,NH15 Crossing Fakirpara Tangni,Assam,18,Assam,283,DARRANG,-,-,-,-,-,-,-,-,-,26.50833333,92.11638889,No,0,0,29-05-2026 10:00,61.101
495,NH15 Crossing Fakirpara Tangni,Assam,18,Assam,283,DARRANG,-,-,-,-,-,-,-,-,-,26.50833333,92.11638889,No,0,0,29-05-2026 11:00,61.1
496,NH15 Crossing Fakirpara Tangni,Assam,18,Assam,283,DARRANG,-,-,-,-,-,-,-,-,-,26.50833333,92.11638889,No,0,0,29-05-2026 12:00,61.1
497,NH15 Crossing Fakirpara Tangni,Assam,18,Assam,283,DARRANG,-,-,-,-,-,-,-,-,-,26.50833333,92.11638889,No,0,0,29-05-2026 13:00,61.097
498,NH15 Crossing Fakirpara Tangni,Assam,18,Assam,283,DARRANG,-,-,-,-,-,-,-,-,-,26.50833333,92.11638889,No,0,0,29-05-2026 14:00,61.103
499,NH15 Crossing Fakirpara Tangni,Assam,18,Assam,283,DARRANG,-,-,-,-,-,-,-,-,-,26.50833333,92.11638889,No,0,0,29-05-2026 15:00,61.108
500,NH15 Crossing Fakirpara Tangni,Assam,18,Assam,283,DARRANG,-,-,-,-,-,-,-,-,-,26.50833333,92.11638889,No,0,0,29-05-2026 16:00,61.1
501,NH15 Crossing Fakirpara Tangni,Assam,18,Assam,283,DARRANG,-,-,-,-,-,-,-,-,-,26.50833333,92.11638889,No,0,0,29-05-2026 17:00,61.104
502,NH15 Crossing Fakirpara Tangni,Assam,18,Assam,283,DARRANG,-,-,-,-,-,-,-,-,-,26.50833333,92.11638889,No,0,0,29-05-2026 18:00,61.102
503,NH15 Crossing Fakirpara Tangni,Assam,18,Assam,283,DARRANG,-,-,-,-,-,-,-,-,-,26.50833333,92.11638889,No,0,0,29-05-2026 19:00,61.095
504,NH15 Crossing Fakirpara Tangni,Assam,18,Assam,283,DARRANG,-,-,-,-,-,-,-,-,-,26.50833333,92.11638889,No,0,0,29-05-2026 20:00,61.09
505,NH15 Crossing Fakirpara Tangni,Assam,18,Assam,283,DARRANG,-,-,-,-,-,-,-,-,-,26.50833333,92.11638889,No,0,0,29-05-2026 21:00,61.081
506,NH15 Crossing Fakirpara Tangni,Assam,18,Assam,283,DARRANG,-,-,-,-,-,-,-,-,-,26.50833333,92.11638889,No,0,0,29-05-2026 22:00,61.073
507,NH15 Crossing Fakirpara Tangni,Assam,18,Assam,283,DARRANG,-,-,-,-,-,-,-,-,-,26.50833333,92.11638889,No,0,0,29-05-2026 23:00,61.065
508,NH15 Crossing Fakirpara Tangni,Assam,18,Assam,283,DARRANG,-,-,-,-,-,-,-,-,-,26.50833333,92.11638889,No,0,0,30-05-2026 00:00,61.057
509,NH15 Crossing Fakirpara Tangni,Assam,18,Assam,283,DARRANG,-,-,-,-,-,-,-,-,-,26.50833333,92.11638889,No,0,0,30-05-2026 01:00,61.052
510,NH15 Crossing Fakirpara Tangni,Assam,18,Assam,283,DARRANG,-,-,-,-,-,-,-,-,-,26.50833333,92.11638889,No,0,0,30-05-2026 02:00,61.046
511,NH15 Crossing Fakirpara Tangni,Assam,18,Assam,283,DARRANG,-,-,-,-,-,-,-,-,-,26.50833333,92.11638889,No,0,0,30-05-2026 03:00,61.045
512,NH15 Crossing Fakirpara Tangni,Assam,18,Assam,283,DARRANG,-,-,-,-,-,-,-,-,-,26.50833333,92.11638889,No,0,0,30-05-2026 04:00,61.04
513,NH15 Crossing Fakirpara Tangni,Assam,18,Assam,283,DARRANG,-,-,-,-,-,-,-,-,-,26.50833333,92.11638889,No,0,0,30-05-2026 05:00,61.037
514,NH15 Crossing Fakirpara Tangni,Assam,18,Assam,283,DARRANG,-,-,-,-,-,-,-,-,-,26.50833333,92.11638889,No,0,0,30-05-2026 06:00,61.038
515,NH15 Crossing Fakirpara Tangni,Assam,18,Assam,283,DARRANG,-,-,-,-,-,-,-,-,-,26.50833333,92.11638889,No,0,0,30-05-2026 07:00,61.045
516,NH15 Crossing Fakirpara Tangni,Assam,18,Assam,283,DARRANG,-,-,-,-,-,-,-,-,-,26.50833333,92.11638889,No,0,0,30-05-2026 08:00,61.051
517,NH15 Crossing Fakirpara Tangni,Assam,18,Assam,283,DARRANG,-,-,-,-,-,-,-,-,-,26.50833333,92.11638889,No,0,0,30-05-2026 09:00,61.049
518,NH15 Crossing Fakirpara Tangni,Assam,18,Assam,283,DARRANG,-,-,-,-,-,-,-,-,-,26.50833333,92.11638889,No,0,0,30-05-2026 10:00,61.046
519,NH15 Crossing Fakirpara Tangni,Assam,18,Assam,283,DARRANG,-,-,-,-,-,-,-,-,-,26.50833333,92.11638889,No,0,0,30-05-2026 11:00,61.044
520,NH15 Crossing Fakirpara Tangni,Assam,18,Assam,283,DARRANG,-,-,-,-,-,-,-,-,-,26.50833333,92.11638889,No,0,0,30-05-2026 12:00,61.035
521,NH15 Crossing Fakirpara Tangni,Assam,18,Assam,283,DARRANG,-,-,-,-,-,-,-,-,-,26.50833333,92.11638889,No,0,0,30-05-2026 13:00,61.03
522,NH15 Crossing Fakirpara Tangni,Assam,18,Assam,283,DARRANG,-,-,-,-,-,-,-,-,-,26.50833333,92.11638889,No,0,0,30-05-2026 14:00,61.025
523,NH15 Crossing Fakirpara Tangni,Assam,18,Assam,283,DARRANG,-,-,-,-,-,-,-,-,-,26.50833333,92.11638889,No,0,0,30-05-2026 15:00,61.021
524,NH15 Crossing Fakirpara Tangni,Assam,18,Assam,283,DARRANG,-,-,-,-,-,-,-,-,-,26.50833333,92.11638889,No,0,0,30-05-2026 16:00,61.012
525,NH15 Crossing Fakirpara Tangni,Assam,18,Assam,283,DARRANG,-,-,-,-,-,-,-,-,-,26.50833333,92.11638889,No,0,0,30-05-2026 17:00,61.004
526,NH15 Crossing Fakirpara Tangni,Assam,18,Assam,283,DARRANG,-,-,-,-,-,-,-,-,-,26.50833333,92.11638889,No,0,0,30-05-2026 18:00,61
527,NH15 Crossing Fakirpara Tangni,Assam,18,Assam,283,DARRANG,-,-,-,-,-,-,-,-,-,26.50833333,92.11638889,No,0,0,30-05-2026 19:00,61
528,NH15 Crossing Fakirpara Tangni,Assam,18,Assam,283,DARRANG,-,-,-,-,-,-,-,-,-,26.50833333,92.11638889,No,0,0,30-05-2026 20:00,60.996
529,NH15 Crossing Fakirpara Tangni,Assam,18,Assam,283,DARRANG,-,-,-,-,-,-,-,-,-,26.50833333,92.11638889,No,0,0,30-05-2026 21:00,60.991
530,NH15 Crossing Fakirpara Tangni,Assam,18,Assam,283,DARRANG,-,-,-,-,-,-,-,-,-,26.50833333,92.11638889,No,0,0,30-05-2026 22:00,60.987
531,NH15 Crossing Fakirpara Tangni,Assam,18,Assam,283,DARRANG,-,-,-,-,-,-,-,-,-,26.50833333,92.11638889,No,0,0,30-05-2026 23:00,60.984
532,NH15 Crossing Fakirpara Tangni,Assam,18,Assam,283,DARRANG,-,-,-,-,-,-,-,-,-,26.50833333,92.11638889,No,0,0,31-05-2026 00:00,60.984
533,NH15 Crossing Fakirpara Tangni,Assam,18,Assam,283,DARRANG,-,-,-,-,-,-,-,-,-,26.50833333,92.11638889,No,0,0,31-05-2026 01:00,60.982
534,NH15 Crossing Fakirpara Tangni,Assam,18,Assam,283,DARRANG,-,-,-,-,-,-,-,-,-,26.50833333,92.11638889,No,0,0,31-05-2026 02:00,60.98
535,NH15 Crossing Fakirpara Tangni,Assam,18,Assam,283,DARRANG,-,-,-,-,-,-,-,-,-,26.50833333,92.11638889,No,0,0,31-05-2026 03:00,60.979
536,NH15 Crossing Fakirpara Tangni,Assam,18,Assam,283,DARRANG,-,-,-,-,-,-,-,-,-,26.50833333,92.11638889,No,0,0,31-05-2026 04:00,60.977
537,NH15 Crossing Fakirpara Tangni,Assam,18,Assam,283,DARRANG,-,-,-,-,-,-,-,-,-,26.50833333,92.11638889,No,0,0,31-05-2026 05:00,60.976
538,NH15 Crossing Fakirpara Tangni,Assam,18,Assam,283,DARRANG,-,-,-,-,-,-,-,-,-,26.50833333,92.11638889,No,0,0,31-05-2026 06:00,60.978
539,NH15 Crossing Fakirpara Tangni,Assam,18,Assam,283,DARRANG,-,-,-,-,-,-,-,-,-,26.50833333,92.11638889,No,0,0,31-05-2026 07:00,60.984
540,NH15 Crossing Fakirpara Tangni,Assam,18,Assam,283,DARRANG,-,-,-,-,-,-,-,-,-,26.50833333,92.11638889,No,0,0,31-05-2026 08:00,60.987
541,NH15 Crossing Fakirpara Tangni,Assam,18,Assam,283,DARRANG,-,-,-,-,-,-,-,-,-,26.50833333,92.11638889,No,0,0,31-05-2026 09:00,60.973
542,NH15 Crossing Fakirpara Tangni,Assam,18,Assam,283,DARRANG,-,-,-,-,-,-,-,-,-,26.50833333,92.11638889,No,0,0,31-05-2026 10:00,60.967
543,NH15 Crossing Fakirpara Tangni,Assam,18,Assam,283,DARRANG,-,-,-,-,-,-,-,-,-,26.50833333,92.11638889,No,0,0,31-05-2026 11:00,60.97
544,NH15 Crossing Fakirpara Tangni,Assam,18,Assam,283,DARRANG,-,-,-,-,-,-,-,-,-,26.50833333,92.11638889,No,0,0,31-05-2026 12:00,60.982
545,NH15 Crossing Fakirpara Tangni,Assam,18,Assam,283,DARRANG,-,-,-,-,-,-,-,-,-,26.50833333,92.11638889,No,0,0,31-05-2026 13:00,60.982
546,NH15 Crossing Fakirpara Tangni,Assam,18,Assam,283,DARRANG,-,-,-,-,-,-,-,-,-,26.50833333,92.11638889,No,0,0,31-05-2026 14:00,60.985
547,NH15 Crossing Fakirpara Tangni,Assam,18,Assam,283,DARRANG,-,-,-,-,-,-,-,-,-,26.50833333,92.11638889,No,0,0,31-05-2026 15:00,60.985
548,NH15 Crossing Fakirpara Tangni,Assam,18,Assam,283,DARRANG,-,-,-,-,-,-,-,-,-,26.50833333,92.11638889,No,0,0,31-05-2026 16:00,60.979
549,NH15 Crossing Fakirpara Tangni,Assam,18,Assam,283,DARRANG,-,-,-,-,-,-,-,-,-,26.50833333,92.11638889,No,0,0,31-05-2026 17:00,60.97
550,NH15 Crossing Fakirpara Tangni,Assam,18,Assam,283,DARRANG,-,-,-,-,-,-,-,-,-,26.50833333,92.11638889,No,0,0,31-05-2026 18:00,60.967
551,NH15 Crossing Fakirpara Tangni,Assam,18,Assam,283,DARRANG,-,-,-,-,-,-,-,-,-,26.50833333,92.11638889,No,0,0,31-05-2026 19:00,60.96
552,NH15 Crossing Fakirpara Tangni,Assam,18,Assam,283,DARRANG,-,-,-,-,-,-,-,-,-,26.50833333,92.11638889,No,0,0,31-05-2026 20:00,60.953
553,NH15 Crossing Fakirpara Tangni,Assam,18,Assam,283,DARRANG,-,-,-,-,-,-,-,-,-,26.50833333,92.11638889,No,0,0,31-05-2026 21:00,60.952
554,NH15 Crossing Fakirpara Tangni,Assam,18,Assam,283,DARRANG,-,-,-,-,-,-,-,-,-,26.50833333,92.11638889,No,0,0,31-05-2026 22:00,60.949
555,NH15 Crossing Fakirpara Tangni,Assam,18,Assam,283,DARRANG,-,-,-,-,-,-,-,-,-,26.50833333,92.11638889,No,0,0,31-05-2026 23:00,60.946
556,NH15 Crossing Fakirpara Tangni,Assam,18,Assam,283,DARRANG,-,-,-,-,-,-,-,-,-,26.50833333,92.11638889,No,0,0,01-06-2026 00:00,60.937
557,NH15 Crossing Fakirpara Tangni,Assam,18,Assam,283,DARRANG,-,-,-,-,-,-,-,-,-,26.50833333,92.11638889,No,0,0,01-06-2026 01:00,60.937
558,NH15 Crossing Fakirpara Tangni,Assam,18,Assam,283,DARRANG,-,-,-,-,-,-,-,-,-,26.50833333,92.11638889,No,0,0,01-06-2026 02:00,60.938
559,NH15 Crossing Fakirpara Tangni,Assam,18,Assam,283,DARRANG,-,-,-,-,-,-,-,-,-,26.50833333,92.11638889,No,0,0,01-06-2026 03:00,60.938
560,NH15 Crossing Fakirpara Tangni,Assam,18,Assam,283,DARRANG,-,-,-,-,-,-,-,-,-,26.50833333,92.11638889,No,0,0,01-06-2026 04:00,60.927
561,NH15 Crossing Fakirpara Tangni,Assam,18,Assam,283,DARRANG,-,-,-,-,-,-,-,-,-,26.50833333,92.11638889,No,0,0,01-06-2026 05:00,60.929
562,NH15 Crossing Fakirpara Tangni,Assam,18,Assam,283,DARRANG,-,-,-,-,-,-,-,-,-,26.50833333,92.11638889,No,0,0,01-06-2026 06:00,60.935
563,NH15 Crossing Fakirpara Tangni,Assam,18,Assam,283,DARRANG,-,-,-,-,-,-,-,-,-,26.50833333,92.11638889,No,0,0,01-06-2026 07:00,60.935
564,NH15 Crossing Fakirpara Tangni,Assam,18,Assam,283,DARRANG,-,-,-,-,-,-,-,-,-,26.50833333,92.11638889,No,0,0,01-06-2026 08:00,60.946
565,NH15 Crossing Fakirpara Tangni,Assam,18,Assam,283,DARRANG,-,-,-,-,-,-,-,-,-,26.50833333,92.11638889,No,0,0,01-06-2026 09:00,60.948
566,NH15 Crossing Fakirpara Tangni,Assam,18,Assam,283,DARRANG,-,-,-,-,-,-,-,-,-,26.50833333,92.11638889,No,0,0,01-06-2026 10:00,60.949
567,NH15 Crossing Fakirpara Tangni,Assam,18,Assam,283,DARRANG,-,-,-,-,-,-,-,-,-,26.50833333,92.11638889,No,0,0,01-06-2026 11:00,60.942
568,NH15 Crossing Fakirpara Tangni,Assam,18,Assam,283,DARRANG,-,-,-,-,-,-,-,-,-,26.50833333,92.11638889,No,0,0,01-06-2026 12:00,60.95
569,NH15 Crossing Fakirpara Tangni,Assam,18,Assam,283,DARRANG,-,-,-,-,-,-,-,-,-,26.50833333,92.11638889,No,0,0,01-06-2026 13:00,60.948
570,NH15 Crossing Fakirpara Tangni,Assam,18,Assam,283,DARRANG,-,-,-,-,-,-,-,-,-,26.50833333,92.11638889,No,0,0,01-06-2026 14:00,60.951
571,NH15 Crossing Fakirpara Tangni,Assam,18,Assam,283,DARRANG,-,-,-,-,-,-,-,-,-,26.50833333,92.11638889,No,0,0,01-06-2026 15:00,60.952
572,NH15 Crossing Fakirpara Tangni,Assam,18,Assam,283,DARRANG,-,-,-,-,-,-,-,-,-,26.50833333,92.11638889,No,0,0,01-06-2026 16:00,60.942
573,NH15 Crossing Fakirpara Tangni,Assam,18,Assam,283,DARRANG,-,-,-,-,-,-,-,-,-,26.50833333,92.11638889,No,0,0,01-06-2026 17:00,60.944
574,NH15 Crossing Fakirpara Tangni,Assam,18,Assam,283,DARRANG,-,-,-,-,-,-,-,-,-,26.50833333,92.11638889,No,0,0,01-06-2026 18:00,60.944
575,NH15 Crossing Fakirpara Tangni,Assam,18,Assam,283,DARRANG,-,-,-,-,-,-,-,-,-,26.50833333,92.11638889,No,0,0,01-06-2026 19:00,60.935
576,NH15 Crossing Fakirpara Tangni,Assam,18,Assam,283,DARRANG,-,-,-,-,-,-,-,-,-,26.50833333,92.11638889,No,0,0,01-06-2026 20:00,60.939
577,NH15 Crossing Fakirpara Tangni,Assam,18,Assam,283,DARRANG,-,-,-,-,-,-,-,-,-,26.50833333,92.11638889,No,0,0,01-06-2026 21:00,60.936
578,NH15 Crossing Fakirpara Tangni,Assam,18,Assam,283,DARRANG,-,-,-,-,-,-,-,-,-,26.50833333,92.11638889,No,0,0,01-06-2026 22:00,60.934
579,NH15 Crossing Fakirpara Tangni,Assam,18,Assam,283,DARRANG,-,-,-,-,-,-,-,-,-,26.50833333,92.11638889,No,0,0,01-06-2026 23:00,60.93
580,NH15 Crossing Fakirpara Tangni,Assam,18,Assam,283,DARRANG,-,-,-,-,-,-,-,-,-,26.50833333,92.11638889,No,0,0,02-06-2026 00:00,60.933
581,NH15 Crossing Fakirpara Tangni,Assam,18,Assam,283,DARRANG,-,-,-,-,-,-,-,-,-,26.50833333,92.11638889,No,0,0,02-06-2026 01:00,60.927
582,NH15 Crossing Fakirpara Tangni,Assam,18,Assam,283,DARRANG,-,-,-,-,-,-,-,-,-,26.50833333,92.11638889,No,0,0,02-06-2026 02:00,60.921
583,NH15 Crossing Fakirpara Tangni,Assam,18,Assam,283,DARRANG,-,-,-,-,-,-,-,-,-,26.50833333,92.11638889,No,0,0,02-06-2026 03:00,60.924
584,NH15 Crossing Fakirpara Tangni,Assam,18,Assam,283,DARRANG,-,-,-,-,-,-,-,-,-,26.50833333,92.11638889,No,0,0,02-06-2026 04:00,60.927
585,NH15 Crossing Fakirpara Tangni,Assam,18,Assam,283,DARRANG,-,-,-,-,-,-,-,-,-,26.50833333,92.11638889,No,0,0,02-06-2026 05:00,60.925
586,NH15 Crossing Fakirpara Tangni,Assam,18,Assam,283,DARRANG,-,-,-,-,-,-,-,-,-,26.50833333,92.11638889,No,0,0,02-06-2026 06:00,60.927
587,NH15 Crossing Fakirpara Tangni,Assam,18,Assam,283,DARRANG,-,-,-,-,-,-,-,-,-,26.50833333,92.11638889,No,0,0,02-06-2026 07:00,60.93
588,NH15 Crossing Fakirpara Tangni,Assam,18,Assam,283,DARRANG,-,-,-,-,-,-,-,-,-,26.50833333,92.11638889,No,0,0,02-06-2026 08:00,60.94
589,NH15 Crossing Fakirpara Tangni,Assam,18,Assam,283,DARRANG,-,-,-,-,-,-,-,-,-,26.50833333,92.11638889,No,0,0,02-06-2026 09:00,60.943
590,NH15 Crossing Fakirpara Tangni,Assam,18,Assam,283,DARRANG,-,-,-,-,-,-,-,-,-,26.50833333,92.11638889,No,0,0,02-06-2026 10:00,60.942
591,NH15 Crossing Fakirpara Tangni,Assam,18,Assam,283,DARRANG,-,-,-,-,-,-,-,-,-,26.50833333,92.11638889,No,0,0,02-06-2026 11:00,60.941
592,NH15 Crossing Fakirpara Tangni,Assam,18,Assam,283,DARRANG,-,-,-,-,-,-,-,-,-,26.50833333,92.11638889,No,0,0,02-06-2026 12:00,60.945
593,NH15 Crossing Fakirpara Tangni,Assam,18,Assam,283,DARRANG,-,-,-,-,-,-,-,-,-,26.50833333,92.11638889,No,0,0,02-06-2026 13:00,60.942
594,NH15 Crossing Fakirpara Tangni,Assam,18,Assam,283,DARRANG,-,-,-,-,-,-,-,-,-,26.50833333,92.11638889,No,0,0,02-06-2026 14:00,60.931
595,NH15 Crossing Fakirpara Tangni,Assam,18,Assam,283,DARRANG,-,-,-,-,-,-,-,-,-,26.50833333,92.11638889,No,0,0,02-06-2026 15:00,60.942
596,NH15 Crossing Fakirpara Tangni,Assam,18,Assam,283,DARRANG,-,-,-,-,-,-,-,-,-,26.50833333,92.11638889,No,0,0,02-06-2026 16:00,60.936
597,NH15 Crossing Fakirpara Tangni,Assam,18,Assam,283,DARRANG,-,-,-,-,-,-,-,-,-,26.50833333,92.11638889,No,0,0,02-06-2026 17:00,60.941
598,NH15 Crossing Fakirpara Tangni,Assam,18,Assam,283,DARRANG,-,-,-,-,-,-,-,-,-,26.50833333,92.11638889,No,0,0,02-06-2026 19:00,60.939
599,NH15 Crossing Fakirpara Tangni,Assam,18,Assam,283,DARRANG,-,-,-,-,-,-,-,-,-,26.50833333,92.11638889,No,0,0,02-06-2026 20:00,60.937
600,NH15 Crossing Fakirpara Tangni,Assam,18,Assam,283,DARRANG,-,-,-,-,-,-,-,-,-,26.50833333,92.11638889,No,0,0,02-06-2026 21:00,60.939
601,NH15 Crossing Fakirpara Tangni,Assam,18,Assam,283,DARRANG,-,-,-,-,-,-,-,-,-,26.50833333,92.11638889,No,0,0,02-06-2026 22:00,60.935
602,NH15 Crossing Fakirpara Tangni,Assam,18,Assam,283,DARRANG,-,-,-,-,-,-,-,-,-,26.50833333,92.11638889,No,0,0,02-06-2026 23:00,60.934
603,NH15 Crossing Fakirpara Tangni,Assam,18,Assam,283,DARRANG,-,-,-,-,-,-,-,-,-,26.50833333,92.11638889,No,0,0,03-06-2026 00:00,60.936
604,NH15 Crossing Fakirpara Tangni,Assam,18,Assam,283,DARRANG,-,-,-,-,-,-,-,-,-,26.50833333,92.11638889,No,0,0,03-06-2026 01:00,60.935
605,NH15 Crossing Fakirpara Tangni,Assam,18,Assam,283,DARRANG,-,-,-,-,-,-,-,-,-,26.50833333,92.11638889,No,0,0,03-06-2026 02:00,60.935
606,NH15 Crossing Fakirpara Tangni,Assam,18,Assam,283,DARRANG,-,-,-,-,-,-,-,-,-,26.50833333,92.11638889,No,0,0,03-06-2026 03:00,60.929
607,NH15 Crossing Fakirpara Tangni,Assam,18,Assam,283,DARRANG,-,-,-,-,-,-,-,-,-,26.50833333,92.11638889,No,0,0,03-06-2026 04:00,60.935
608,NH15 Crossing Fakirpara Tangni,Assam,18,Assam,283,DARRANG,-,-,-,-,-,-,-,-,-,26.50833333,92.11638889,No,0,0,03-06-2026 05:00,60.936
609,NH15 Crossing Fakirpara Tangni,Assam,18,Assam,283,DARRANG,-,-,-,-,-,-,-,-,-,26.50833333,92.11638889,No,0,0,03-06-2026 06:00,60.933
610,NH15 Crossing Fakirpara Tangni,Assam,18,Assam,283,DARRANG,-,-,-,-,-,-,-,-,-,26.50833333,92.11638889,No,0,0,03-06-2026 07:00,60.942
611,NH15 Crossing Fakirpara Tangni,Assam,18,Assam,283,DARRANG,-,-,-,-,-,-,-,-,-,26.50833333,92.11638889,No,0,0,03-06-2026 08:00,60.948
612,NH15 Crossing Fakirpara Tangni,Assam,18,Assam,283,DARRANG,-,-,-,-,-,-,-,-,-,26.50833333,92.11638889,No,0,0,03-06-2026 09:00,60.957
613,NH15 Crossing Fakirpara Tangni,Assam,18,Assam,283,DARRANG,-,-,-,-,-,-,-,-,-,26.50833333,92.11638889,No,0,0,03-06-2026 10:00,60.957
614,NH15 Crossing Fakirpara Tangni,Assam,18,Assam,283,DARRANG,-,-,-,-,-,-,-,-,-,26.50833333,92.11638889,No,0,0,03-06-2026 11:00,60.962
615,NH15 Crossing Fakirpara Tangni,Assam,18,Assam,283,DARRANG,-,-,-,-,-,-,-,-,-,26.50833333,92.11638889,No,0,0,03-06-2026 12:00,60.956
616,NH15 Crossing Fakirpara Tangni,Assam,18,Assam,283,DARRANG,-,-,-,-,-,-,-,-,-,26.50833333,92.11638889,No,0,0,03-06-2026 13:00,60.959
617,NH15 Crossing Fakirpara Tangni,Assam,18,Assam,283,DARRANG,-,-,-,-,-,-,-,-,-,26.50833333,92.11638889,No,0,0,03-06-2026 14:00,60.955
618,NH15 Crossing Fakirpara Tangni,Assam,18,Assam,283,DARRANG,-,-,-,-,-,-,-,-,-,26.50833333,92.11638889,No,0,0,03-06-2026 15:00,60.952
619,NH15 Crossing Fakirpara Tangni,Assam,18,Assam,283,DARRANG,-,-,-,-,-,-,-,-,-,26.50833333,92.11638889,No,0,0,03-06-2026 16:00,60.957
620,NH15 Crossing Fakirpara Tangni,Assam,18,Assam,283,DARRANG,-,-,-,-,-,-,-,-,-,26.50833333,92.11638889,No,0,0,03-06-2026 17:00,60.965
621,NH15 Crossing Fakirpara Tangni,Assam,18,Assam,283,DARRANG,-,-,-,-,-,-,-,-,-,26.50833333,92.11638889,No,0,0,03-06-2026 18:00,60.971
622,NH15 Crossing Fakirpara Tangni,Assam,18,Assam,283,DARRANG,-,-,-,-,-,-,-,-,-,26.50833333,92.11638889,No,0,0,03-06-2026 19:00,60.984
623,NH15 Crossing Fakirpara Tangni,Assam,18,Assam,283,DARRANG,-,-,-,-,-,-,-,-,-,26.50833333,92.11638889,No,0,0,03-06-2026 20:00,60.987
624,NH15 Crossing Fakirpara Tangni,Assam,18,Assam,283,DARRANG,-,-,-,-,-,-,-,-,-,26.50833333,92.11638889,No,0,0,03-06-2026 21:00,60.993
625,NH15 Crossing Fakirpara Tangni,Assam,18,Assam,283,DARRANG,-,-,-,-,-,-,-,-,-,26.50833333,92.11638889,No,0,0,03-06-2026 22:00,60.988
626,NH15 Crossing Fakirpara Tangni,Assam,18,Assam,283,DARRANG,-,-,-,-,-,-,-,-,-,26.50833333,92.11638889,No,0,0,03-06-2026 23:00,60.987
627,NH15 Crossing Fakirpara Tangni,Assam,18,Assam,283,DARRANG,-,-,-,-,-,-,-,-,-,26.50833333,92.11638889,No,0,0,15-09-2026 00:00,61.081
628,NH15 Crossing Fakirpara Tangni,Assam,18,Assam,283,DARRANG,-,-,-,-,-,-,-,-,-,26.50833333,92.11638889,No,0,0,15-09-2026 01:00,61.085
629,NH15 Crossing Fakirpara Tangni,Assam,18,Assam,283,DARRANG,-,-,-,-,-,-,-,-,-,26.50833333,92.11638889,No,0,0,15-09-2026 02:00,61.086
630,NH15 Crossing Fakirpara Tangni,Assam,18,Assam,283,DARRANG,-,-,-,-,-,-,-,-,-,26.50833333,92.11638889,No,0,0,15-09-2026 03:00,61.085
631,NH15 Crossing Fakirpara Tangni,Assam,18,Assam,283,DARRANG,-,-,-,-,-,-,-,-,-,26.50833333,92.11638889,No,0,0,15-09-2026 04:00,61.084
632,NH15 Crossing Fakirpara Tangni,Assam,18,Assam,283,DARRANG,-,-,-,-,-,-,-,-,-,26.50833333,92.11638889,No,0,0,15-09-2026 05:00,61.084
633,NH15 Crossing Fakirpara Tangni,Assam,18,Assam,283,DARRANG,-,-,-,-,-,-,-,-,-,26.50833333,92.11638889,No,0,0,15-09-2026 06:00,61.084
634,NH15 Crossing Fakirpara Tangni,Assam,18,Assam,283,DARRANG,-,-,-,-,-,-,-,-,-,26.50833333,92.11638889,No,0,0,15-09-2026 07:00,61.091
635,NH15 Crossing Fakirpara Tangni,Assam,18,Assam,283,DARRANG,-,-,-,-,-,-,-,-,-,26.50833333,92.11638889,No,0,0,15-09-2026 08:00,61.102
636,NH15 Crossing Fakirpara Tangni,Assam,18,Assam,283,DARRANG,-,-,-,-,-,-,-,-,-,26.50833333,92.11638889,No,0,0,15-09-2026 09:00,61.109
637,NH15 Crossing Fakirpara Tangni,Assam,18,Assam,283,DARRANG,-,-,-,-,-,-,-,-,-,26.50833333,92.11638889,No,0,0,15-09-2026 10:00,61.111
638,NH15 Crossing Fakirpara Tangni,Assam,18,Assam,283,DARRANG,-,-,-,-,-,-,-,-,-,26.50833333,92.11638889,No,0,0,15-09-2026 11:00,61.105
639,NH15 Crossing Fakirpara Tangni,Assam,18,Assam,283,DARRANG,-,-,-,-,-,-,-,-,-,26.50833333,92.11638889,No,0,0,15-09-2026 12:00,61.108
640,NH15 Crossing Fakirpara Tangni,Assam,18,Assam,283,DARRANG,-,-,-,-,-,-,-,-,-,26.50833333,92.11638889,No,0,0,15-09-2026 13:00,61.11
641,NH15 Crossing Fakirpara Tangni,Assam,18,Assam,283,DARRANG,-,-,-,-,-,-,-,-,-,26.50833333,92.11638889,No,0,0,15-09-2026 14:00,61.113
642,NH15 Crossing Fakirpara Tangni,Assam,18,Assam,283,DARRANG,-,-,-,-,-,-,-,-,-,26.50833333,92.11638889,No,0,0,15-09-2026 15:00,61.108
643,NH15 Crossing Fakirpara Tangni,Assam,18,Assam,283,DARRANG,-,-,-,-,-,-,-,-,-,26.50833333,92.11638889,No,0,0,15-09-2026 16:00,61.109
644,NH15 Crossing Fakirpara Tangni,Assam,18,Assam,283,DARRANG,-,-,-,-,-,-,-,-,-,26.50833333,92.11638889,No,0,0,15-09-2026 17:00,61.107
645,NH15 Crossing Fakirpara Tangni,Assam,18,Assam,283,DARRANG,-,-,-,-,-,-,-,-,-,26.50833333,92.11638889,No,0,0,15-09-2026 18:00,61.102
646,NH15 Crossing Fakirpara Tangni,Assam,18,Assam,283,DARRANG,-,-,-,-,-,-,-,-,-,26.50833333,92.11638889,No,0,0,15-09-2026 19:00,61.097
647,NH15 Crossing Fakirpara Tangni,Assam,18,Assam,283,DARRANG,-,-,-,-,-,-,-,-,-,26.50833333,92.11638889,No,0,0,15-09-2026 20:00,61.095
648,NH15 Crossing Fakirpara Tangni,Assam,18,Assam,283,DARRANG,-,-,-,-,-,-,-,-,-,26.50833333,92.11638889,No,0,0,15-09-2026 21:00,61.096
649,NH15 Crossing Fakirpara Tangni,Assam,18,Assam,283,DARRANG,-,-,-,-,-,-,-,-,-,26.50833333,92.11638889,No,0,0,15-09-2026 22:00,61.095
650,NH15 Crossing Fakirpara Tangni,Assam,18,Assam,283,DARRANG,-,-,-,-,-,-,-,-,-,26.50833333,92.11638889,No,0,0,15-09-2026 23:00,61.094
651,NH15 Crossing Fakirpara Tangni,Assam,18,Assam,283,DARRANG,-,-,-,-,-,-,-,-,-,26.50833333,92.11638889,No,0,0,16-09-2026 00:00,61.095
652,NH15 Crossing Fakirpara Tangni,Assam,18,Assam,283,DARRANG,-,-,-,-,-,-,-,-,-,26.50833333,92.11638889,No,0,0,16-09-2026 01:00,61.095
653,NH15 Crossing Fakirpara Tangni,Assam,18,Assam,283,DARRANG,-,-,-,-,-,-,-,-,-,26.50833333,92.11638889,No,0,0,16-09-2026 02:00,61.094
654,NH15 Crossing Fakirpara Tangni,Assam,18,Assam,283,DARRANG,-,-,-,-,-,-,-,-,-,26.50833333,92.11638889,No,0,0,16-09-2026 03:00,61.093
655,NH15 Crossing Fakirpara Tangni,Assam,18,Assam,283,DARRANG,-,-,-,-,-,-,-,-,-,26.50833333,92.11638889,No,0,0,16-09-2026 04:00,61.093
656,NH15 Crossing Fakirpara Tangni,Assam,18,Assam,283,DARRANG,-,-,-,-,-,-,-,-,-,26.50833333,92.11638889,No,0,0,16-09-2026 05:00,61.094
657,NH15 Crossing Fakirpara Tangni,Assam,18,Assam,283,DARRANG,-,-,-,-,-,-,-,-,-,26.50833333,92.11638889,No,0,0,16-09-2026 06:00,61.094
658,NH15 Crossing Fakirpara Tangni,Assam,18,Assam,283,DARRANG,-,-,-,-,-,-,-,-,-,26.50833333,92.11638889,No,0,0,16-09-2026 07:00,61.099
659,NH15 Crossing Fakirpara Tangni,Assam,18,Assam,283,DARRANG,-,-,-,-,-,-,-,-,-,26.50833333,92.11638889,No,0,0,16-09-2026 08:00,61.104
660,NH15 Crossing Fakirpara Tangni,Assam,18,Assam,283,DARRANG,-,-,-,-,-,-,-,-,-,26.50833333,92.11638889,No,0,0,16-09-2026 09:00,61.108
661,NH15 Crossing Fakirpara Tangni,Assam,18,Assam,283,DARRANG,-,-,-,-,-,-,-,-,-,26.50833333,92.11638889,No,0,0,16-09-2026 10:00,61.111
662,NH15 Crossing Fakirpara Tangni,Assam,18,Assam,283,DARRANG,-,-,-,-,-,-,-,-,-,26.50833333,92.11638889,No,0,0,16-09-2026 11:00,61.117
663,NH15 Crossing Fakirpara Tangni,Assam,18,Assam,283,DARRANG,-,-,-,-,-,-,-,-,-,26.50833333,92.11638889,No,0,0,16-09-2026 12:00,61.109
664,NH15 Crossing Fakirpara Tangni,Assam,18,Assam,283,DARRANG,-,-,-,-,-,-,-,-,-,26.50833333,92.11638889,No,0,0,16-09-2026 13:00,61.109
665,NH15 Crossing Fakirpara Tangni,Assam,18,Assam,283,DARRANG,-,-,-,-,-,-,-,-,-,26.50833333,92.11638889,No,0,0,16-09-2026 14:00,61.101
666,NH15 Crossing Fakirpara Tangni,Assam,18,Assam,283,DARRANG,-,-,-,-,-,-,-,-,-,26.50833333,92.11638889,No,0,0,16-09-2026 15:00,61.103
667,NH15 Crossing Fakirpara Tangni,Assam,18,Assam,283,DARRANG,-,-,-,-,-,-,-,-,-,26.50833333,92.11638889,No,0,0,16-09-2026 16:00,61.096
668,NH15 Crossing Fakirpara Tangni,Assam,18,Assam,283,DARRANG,-,-,-,-,-,-,-,-,-,26.50833333,92.11638889,No,0,0,16-09-2026 17:00,61.092
669,NH15 Crossing Fakirpara Tangni,Assam,18,Assam,283,DARRANG,-,-,-,-,-,-,-,-,-,26.50833333,92.11638889,No,0,0,16-09-2026 18:00,61.093
670,NH15 Crossing Fakirpara Tangni,Assam,18,Assam,283,DARRANG,-,-,-,-,-,-,-,-,-,26.50833333,92.11638889,No,0,0,16-09-2026 19:00,61.089
671,NH15 Crossing Fakirpara Tangni,Assam,18,Assam,283,DARRANG,-,-,-,-,-,-,-,-,-,26.50833333,92.11638889,No,0,0,16-09-2026 20:00,61.089
672,NH15 Crossing Fakirpara Tangni,Assam,18,Assam,283,DARRANG,-,-,-,-,-,-,-,-,-,26.50833333,92.11638889,No,0,0,16-09-2026 21:00,61.088
673,NH15 Crossing Fakirpara Tangni,Assam,18,Assam,283,DARRANG,-,-,-,-,-,-,-,-,-,26.50833333,92.11638889,No,0,0,16-09-2026 22:00,61.088
674,NH15 Crossing Fakirpara Tangni,Assam,18,Assam,283,DARRANG,-,-,-,-,-,-,-,-,-,26.50833333,92.11638889,No,0,0,16-09-2026 23:00,61.089
675,NH15 Crossing Fakirpara Tangni,Assam,18,Assam,283,DARRANG,-,-,-,-,-,-,-,-,-,26.50833333,92.11638889,No,0,0,17-09-2026 00:00,61.087
676,NH15 Crossing Fakirpara Tangni,Assam,18,Assam,283,DARRANG,-,-,-,-,-,-,-,-,-,26.50833333,92.11638889,No,0,0,17-09-2026 01:00,61.086
677,NH15 Crossing Fakirpara Tangni,Assam,18,Assam,283,DARRANG,-,-,-,-,-,-,-,-,-,26.50833333,92.11638889,No,0,0,17-09-2026 02:00,61.086
678,NH15 Crossing Fakirpara Tangni,Assam,18,Assam,283,DARRANG,-,-,-,-,-,-,-,-,-,26.50833333,92.11638889,No,0,0,17-09-2026 03:00,61.085
679,NH15 Crossing Fakirpara Tangni,Assam,18,Assam,283,DARRANG,-,-,-,-,-,-,-,-,-,26.50833333,92.11638889,No,0,0,17-09-2026 04:00,61.086
680,NH15 Crossing Fakirpara Tangni,Assam,18,Assam,283,DARRANG,-,-,-,-,-,-,-,-,-,26.50833333,92.11638889,No,0,0,17-09-2026 05:00,61.086
681,NH15 Crossing Fakirpara Tangni,Assam,18,Assam,283,DARRANG,-,-,-,-,-,-,-,-,-,26.50833333,92.11638889,No,0,0,17-09-2026 06:00,61.087
682,NH15 Crossing Fakirpara Tangni,Assam,18,Assam,283,DARRANG,-,-,-,-,-,-,-,-,-,26.50833333,92.11638889,No,0,0,17-09-2026 07:00,61.089
683,NH15 Crossing Fakirpara Tangni,Assam,18,Assam,283,DARRANG,-,-,-,-,-,-,-,-,-,26.50833333,92.11638889,No,0,0,17-09-2026 08:00,61.095
684,NH15 Crossing Fakirpara Tangni,Assam,18,Assam,283,DARRANG,-,-,-,-,-,-,-,-,-,26.50833333,92.11638889,No,0,0,17-09-2026 09:00,61.101
685,NH15 Crossing Fakirpara Tangni,Assam,18,Assam,283,DARRANG,-,-,-,-,-,-,-,-,-,26.50833333,92.11638889,No,0,0,17-09-2026 10:00,61.105
686,NH15 Crossing Fakirpara Tangni,Assam,18,Assam,283,DARRANG,-,-,-,-,-,-,-,-,-,26.50833333,92.11638889,No,0,0,17-09-2026 11:00,61.103
687,NH15 Crossing Fakirpara Tangni,Assam,18,Assam,283,DARRANG,-,-,-,-,-,-,-,-,-,26.50833333,92.11638889,No,0,0,17-09-2026 12:00,61.105
688,NH15 Crossing Fakirpara Tangni,Assam,18,Assam,283,DARRANG,-,-,-,-,-,-,-,-,-,26.50833333,92.11638889,No,0,0,17-09-2026 13:00,61.105
689,NH15 Crossing Fakirpara Tangni,Assam,18,Assam,283,DARRANG,-,-,-,-,-,-,-,-,-,26.50833333,92.11638889,No,0,0,17-09-2026 14:00,61.102
690,NH15 Crossing Fakirpara Tangni,Assam,18,Assam,283,DARRANG,-,-,-,-,-,-,-,-,-,26.50833333,92.11638889,No,0,0,17-09-2026 15:00,61.098
691,NH15 Crossing Fakirpara Tangni,Assam,18,Assam,283,DARRANG,-,-,-,-,-,-,-,-,-,26.50833333,92.11638889,No,0,0,17-09-2026 16:00,61.096
692,NH15 Crossing Fakirpara Tangni,Assam,18,Assam,283,DARRANG,-,-,-,-,-,-,-,-,-,26.50833333,92.11638889,No,0,0,17-09-2026 17:00,61.092
693,NH15 Crossing Fakirpara Tangni,Assam,18,Assam,283,DARRANG,-,-,-,-,-,-,-,-,-,26.50833333,92.11638889,No,0,0,17-09-2026 18:00,61.086
694,NH15 Crossing Fakirpara Tangni,Assam,18,Assam,283,DARRANG,-,-,-,-,-,-,-,-,-,26.50833333,92.11638889,No,0,0,17-09-2026 19:00,61.085
695,NH15 Crossing Fakirpara Tangni,Assam,18,Assam,283,DARRANG,-,-,-,-,-,-,-,-,-,26.50833333,92.11638889,No,0,0,17-09-2026 20:00,61.084
696,NH15 Crossing Fakirpara Tangni,Assam,18,Assam,283,DARRANG,-,-,-,-,-,-,-,-,-,26.50833333,92.11638889,No,0,0,17-09-2026 21:00,61.084
697,NH15 Crossing Fakirpara Tangni,Assam,18,Assam,283,DARRANG,-,-,-,-,-,-,-,-,-,26.50833333,92.11638889,No,0,0,17-09-2026 22:00,61.083
698,NH15 Crossing Fakirpara Tangni,Assam,18,Assam,283,DARRANG,-,-,-,-,-,-,-,-,-,26.50833333,92.11638889,No,0,0,17-09-2026 23:00,61.083
699,NH15 Crossing Fakirpara Tangni,Assam,18,Assam,283,DARRANG,-,-,-,-,-,-,-,-,-,26.50833333,92.11638889,No,0,0,18-09-2026 00:00,61.083
700,NH15 Crossing Fakirpara Tangni,Assam,18,Assam,283,DARRANG,-,-,-,-,-,-,-,-,-,26.50833333,92.11638889,No,0,0,18-09-2026 01:00,61.082
701,NH15 Crossing Fakirpara Tangni,Assam,18,Assam,283,DARRANG,-,-,-,-,-,-,-,-,-,26.50833333,92.11638889,No,0,0,18-09-2026 02:00,61.082
702,NH15 Crossing Fakirpara Tangni,Assam,18,Assam,283,DARRANG,-,-,-,-,-,-,-,-,-,26.50833333,92.11638889,No,0,0,18-09-2026 03:00,61.083
703,NH15 Crossing Fakirpara Tangni,Assam,18,Assam,283,DARRANG,-,-,-,-,-,-,-,-,-,26.50833333,92.11638889,No,0,0,18-09-2026 04:00,61.082
704,NH15 Crossing Fakirpara Tangni,Assam,18,Assam,283,DARRANG,-,-,-,-,-,-,-,-,-,26.50833333,92.11638889,No,0,0,18-09-2026 05:00,61.083
705,NH15 Crossing Fakirpara Tangni,Assam,18,Assam,283,DARRANG,-,-,-,-,-,-,-,-,-,26.50833333,92.11638889,No,0,0,18-09-2026 06:00,61.084
706,NH15 Crossing Fakirpara Tangni,Assam,18,Assam,283,DARRANG,-,-,-,-,-,-,-,-,-,26.50833333,92.11638889,No,0,0,18-09-2026 07:00,61.087
707,NH15 Crossing Fakirpara Tangni,Assam,18,Assam,283,DARRANG,-,-,-,-,-,-,-,-,-,26.50833333,92.11638889,No,0,0,18-09-2026 08:00,61.09
708,NH15 Crossing Fakirpara Tangni,Assam,18,Assam,283,DARRANG,-,-,-,-,-,-,-,-,-,26.50833333,92.11638889,No,0,0,18-09-2026 09:00,61.094
709,NH15 Crossing Fakirpara Tangni,Assam,18,Assam,283,DARRANG,-,-,-,-,-,-,-,-,-,26.50833333,92.11638889,No,0,0,18-09-2026 10:00,61.095
710,NH15 Crossing Fakirpara Tangni,Assam,18,Assam,283,DARRANG,-,-,-,-,-,-,-,-,-,26.50833333,92.11638889,No,0,0,18-09-2026 11:00,61.094
711,NH15 Crossing Fakirpara Tangni,Assam,18,Assam,283,DARRANG,-,-,-,-,-,-,-,-,-,26.50833333,92.11638889,No,0,0,18-09-2026 12:00,61.104
712,NH15 Crossing Fakirpara Tangni,Assam,18,Assam,283,DARRANG,-,-,-,-,-,-,-,-,-,26.50833333,92.11638889,No,0,0,18-09-2026 13:00,61.088
713,NH15 Crossing Fakirpara Tangni,Assam,18,Assam,283,DARRANG,-,-,-,-,-,-,-,-,-,26.50833333,92.11638889,No,0,0,18-09-2026 14:00,61.093
714,NH15 Crossing Fakirpara Tangni,Assam,18,Assam,283,DARRANG,-,-,-,-,-,-,-,-,-,26.50833333,92.11638889,No,0,0,18-09-2026 15:00,61.101
715,NH15 Crossing Fakirpara Tangni,Assam,18,Assam,283,DARRANG,-,-,-,-,-,-,-,-,-,26.50833333,92.11638889,No,0,0,18-09-2026 16:00,61.103
716,NH15 Crossing Fakirpara Tangni,Assam,18,Assam,283,DARRANG,-,-,-,-,-,-,-,-,-,26.50833333,92.11638889,No,0,0,18-09-2026 17:00,61.098
717,NH15 Crossing Fakirpara Tangni,Assam,18,Assam,283,DARRANG,-,-,-,-,-,-,-,-,-,26.50833333,92.11638889,No,0,0,18-09-2026 18:00,61.092
718,NH15 Crossing Fakirpara Tangni,Assam,18,Assam,283,DARRANG,-,-,-,-,-,-,-,-,-,26.50833333,92.11638889,No,0,0,18-09-2026 19:00,61.09
719,NH15 Crossing Fakirpara Tangni,Assam,18,Assam,283,DARRANG,-,-,-,-,-,-,-,-,-,26.50833333,92.11638889,No,0,0,18-09-2026 20:00,61.09
720,NH15 Crossing Fakirpara Tangni,Assam,18,Assam,283,DARRANG,-,-,-,-,-,-,-,-,-,26.50833333,92.11638889,No,0,0,18-09-2026 21:00,61.089
721,NH15 Crossing Fakirpara Tangni,Assam,18,Assam,283,DARRANG,-,-,-,-,-,-,-,-,-,26.50833333,92.11638889,No,0,0,18-09-2026 22:00,61.089
722,NH15 Crossing Fakirpara Tangni,Assam,18,Assam,283,DARRANG,-,-,-,-,-,-,-,-,-,26.50833333,92.11638889,No,0,0,18-09-2026 23:00,61.088
